11671;Pengeluaran;2013;1;28;1;56;37901554.26;29489406.64
11672;Pengeluaran;2013;1;28;1;57;2713569.38;1947062.9
11673;Pengeluaran;2013;1;28;1;58;5660799.03;4428040.06
11674;Pengeluaran;2013;1;28;1;59;6228249.15;4638817.79
11675;Pengeluaran;2013;1;28;1;60;12536767.15;9724617.66
11676;Pengeluaran;2013;1;28;1;61;2414721.39;1817406.34
11677;Pengeluaran;2013;1;28;1;62;2702052.4;2048521.55
11678;Pengeluaran;2013;1;28;1;63;1317794.44;1025470.14
11679;Pengeluaran;2013;1;28;1;64;13378584.53;10328664.21
11680;Pengeluaran;2013;1;28;1;65;29252553.99;21834267.23
11681;Pengeluaran;2013;1;28;1;66;7971315.35;6404716.78
11682;Pengeluaran;2013;1;28;1;67;2129616.63;2343658.4
11683;Pengeluaran;2013;1;28;1;68;48767056.79;35285556.07
11684;Pengeluaran;2013;1;28;1;69;51157558.16;38232343.19
11685;Pengeluaran;2013;1;28;2;56;983457.24;748527.14
11686;Pengeluaran;2013;1;28;2;57;67597.31;46121.02
11687;Pengeluaran;2013;1;28;2;58;153947.44;113899.28
11688;Pengeluaran;2013;1;28;2;59;149662.86;108158.58
11689;Pengeluaran;2013;1;28;2;60;258768.02;201720.84
11690;Pengeluaran;2013;1;28;2;61;37587.28;27399.54
11691;Pengeluaran;2013;1;28;2;62;74037.76;55443.69
11692;Pengeluaran;2013;1;28;2;63;27384.46;20016.76
11693;Pengeluaran;2013;1;28;2;64;571934.6;486202.57
11694;Pengeluaran;2013;1;28;2;65;1158382.68;829934.1
11695;Pengeluaran;2013;1;28;2;66;92425.78;72951.8
11696;Pengeluaran;2013;1;28;2;67;32007.17;58012.25
11697;Pengeluaran;2013;1;28;2;68;800701.61;455951.73
11698;Pengeluaran;2013;1;28;2;69;1527033.79;1101527.52
11699;Pengeluaran;2013;1;28;3;56;2495607.66;1870118.14
11700;Pengeluaran;2013;1;28;3;57;159664.65;120445.58
11701;Pengeluaran;2013;1;28;3;58;442162.28;338135.16
11702;Pengeluaran;2013;1;28;3;59;401625.3;290886.3
11703;Pengeluaran;2013;1;28;3;60;750650.43;567171.89
11704;Pengeluaran;2013;1;28;3;61;94607.06;73790.04
11705;Pengeluaran;2013;1;28;3;62;200808.18;158631.02
11706;Pengeluaran;2013;1;28;3;63;64968.87;51198.74
11707;Pengeluaran;2013;1;28;3;64;977491.33;752562.62
11708;Pengeluaran;2013;1;28;3;65;1484019.87;1159889.92
11709;Pengeluaran;2013;1;28;3;66;271763.6;204980.38
11710;Pengeluaran;2013;1;28;3;67;91764.93;103143.57
11711;Pengeluaran;2013;1;28;3;68;1859995.64;1645024.69
11712;Pengeluaran;2013;1;28;3;69;2107796.35;1852733.32
11713;Pengeluaran;2013;1;28;4;56;1345443.26;1002654.08
11714;Pengeluaran;2013;1;28;4;57;114909.9;82555.16
11715;Pengeluaran;2013;1;28;4;58;263732.87;217022.2
11716;Pengeluaran;2013;1;28;4;59;260307.57;199105.48
11717;Pengeluaran;2013;1;28;4;60;425089.88;314084.91
11718;Pengeluaran;2013;1;28;4;61;49604.15;37753.47
11719;Pengeluaran;2013;1;28;4;62;103060.7;74892.25
11720;Pengeluaran;2013;1;28;4;63;73216.43;54021.5
11721;Pengeluaran;2013;1;28;4;64;595724.09;457251.52
11722;Pengeluaran;2013;1;28;4;65;1647327.15;1218248.38
11723;Pengeluaran;2013;1;28;4;66;288632.76;228280.69
11724;Pengeluaran;2013;1;28;4;67;124422.13;93870.45
11725;Pengeluaran;2013;1;28;4;68;1045287.98;648301.15
11726;Pengeluaran;2013;1;28;4;69;1986442.02;1393582.26
11727;Pengeluaran;2013;1;28;5;56;1988896.89;1481757.41
11728;Pengeluaran;2013;1;28;5;57;120348.27;96235.49
11729;Pengeluaran;2013;1;28;5;58;235939.87;206774.39
11730;Pengeluaran;2013;1;28;5;59;272602.36;215423.2
11731;Pengeluaran;2013;1;28;5;60;657345.5;515672.32
11732;Pengeluaran;2013;1;28;5;61;73078.41;53917
11733;Pengeluaran;2013;1;28;5;62;151837.08;118495.7
11734;Pengeluaran;2013;1;28;5;63;92215.98;72555.57
11735;Pengeluaran;2013;1;28;5;64;665750.54;556329.44
11736;Pengeluaran;2013;1;28;5;65;1263625.14;959423.67
11737;Pengeluaran;2013;1;28;5;66;376447.33;305524.95
11738;Pengeluaran;2013;1;28;5;67;110220.61;104477.01
11739;Pengeluaran;2013;1;28;5;68;1376047.03;1091854.1
11740;Pengeluaran;2013;1;28;5;69;2114945.34;1630978.87
11741;Pengeluaran;2013;1;28;6;56;1784364.93;1405741.19
11742;Pengeluaran;2013;1;28;6;57;156581.16;114084.25
11743;Pengeluaran;2013;1;28;6;58;278074.55;211154.96
11744;Pengeluaran;2013;1;28;6;59;273078.5;212930.5
11745;Pengeluaran;2013;1;28;6;60;572054.27;434707.84
11746;Pengeluaran;2013;1;28;6;61;101401.69;74642.47
11747;Pengeluaran;2013;1;28;6;62;78722.67;60054.32
11748;Pengeluaran;2013;1;28;6;63;80142.52;59475.13
11749;Pengeluaran;2013;1;28;6;64;761731.32;532734
11750;Pengeluaran;2013;1;28;6;65;850127.25;655774.55
11751;Pengeluaran;2013;1;28;6;66;201408.08;169816.45
11752;Pengeluaran;2013;1;28;6;67;88634.11;27165.15
11753;Pengeluaran;2013;1;28;6;68;1576002.02;1202061.11
11754;Pengeluaran;2013;1;28;6;69;1798138.21;1351206.28
11755;Pengeluaran;2013;1;28;7;56;3617763.35;2858962.78
11756;Pengeluaran;2013;1;28;7;57;266084.55;194880.27
11757;Pengeluaran;2013;1;28;7;58;673070.59;558655.63
11758;Pengeluaran;2013;1;28;7;59;795676.06;610239.8
11759;Pengeluaran;2013;1;28;7;60;1205173.49;931131.57
11760;Pengeluaran;2013;1;28;7;61;136522.22;109754.79
11761;Pengeluaran;2013;1;28;7;62;195796.08;158452.61
11762;Pengeluaran;2013;1;28;7;63;145293.06;112816.74
11763;Pengeluaran;2013;1;28;7;64;1332928.97;1054020.04
11764;Pengeluaran;2013;1;28;7;65;2531632.36;1868104.54
11765;Pengeluaran;2013;1;28;7;66;750817.33;613930.87
11766;Pengeluaran;2013;1;28;7;67;156563.77;218503.39
11767;Pengeluaran;2013;1;28;7;68;2975597.9;2080607.97
11768;Pengeluaran;2013;1;28;7;69;4069019.7;3080947.85
11769;Pengeluaran;2013;1;28;8;56;1963959.84;1503504.82
11770;Pengeluaran;2013;1;28;8;57;110704.1;79724.06
11771;Pengeluaran;2013;1;28;8;58;236914.42;191313.54
11772;Pengeluaran;2013;1;28;8;59;259579.36;202712.9
11773;Pengeluaran;2013;1;28;8;60;630387.14;511720.37
11774;Pengeluaran;2013;1;28;8;61;66714.12;51864.32
11775;Pengeluaran;2013;1;28;8;62;147754.93;113286.23
11776;Pengeluaran;2013;1;28;8;63;58356.28;44789.62
11777;Pengeluaran;2013;1;28;8;64;680173.75;530603.49
11778;Pengeluaran;2013;1;28;8;65;1681241.44;1326004.54
11779;Pengeluaran;2013;1;28;8;66;341712.43;278258.93
11780;Pengeluaran;2013;1;28;8;67;66888.26;124327.36
11781;Pengeluaran;2013;1;28;8;68;1646482.63;1195196.27
11782;Pengeluaran;2013;1;28;8;69;2289400.32;1786594.05
11783;Pengeluaran;2013;1;28;9;56;3208912.15;2485357.44
11784;Pengeluaran;2013;1;28;9;57;293524.75;204236.22
11785;Pengeluaran;2013;1;28;9;58;549209.75;402189.88
11786;Pengeluaran;2013;1;28;9;59;476814.7;348687.95
11787;Pengeluaran;2013;1;28;9;60;818844.55;648977.37
11788;Pengeluaran;2013;1;28;9;61;175131.55;134786.07
11789;Pengeluaran;2013;1;28;9;62;281819.28;198941.58
11790;Pengeluaran;2013;1;28;9;63;117427.15;97928.58
11791;Pengeluaran;2013;1;28;9;64;907569.25;720767.29
11792;Pengeluaran;2013;1;28;9;65;1587496.26;1147393.84
11793;Pengeluaran;2013;1;28;9;66;832547.2;675343.27
11794;Pengeluaran;2013;1;28;9;67;246738.52;250412.64
11795;Pengeluaran;2013;1;28;9;68;9423226.65;6660657.96
11796;Pengeluaran;2013;1;28;9;69;6952343.72;4931166.06
11797;Pengeluaran;2013;1;28;10;56;2956609.94;2350195.78
11798;Pengeluaran;2013;1;28;10;57;155134.57;110871.08
11799;Pengeluaran;2013;1;28;10;58;282459.38;219848.32
11800;Pengeluaran;2013;1;28;10;59;332612.99;255699.97
11801;Pengeluaran;2013;1;28;10;60;965205.85;781453.74
11802;Pengeluaran;2013;1;28;10;61;351078.36;260387.05
11803;Pengeluaran;2013;1;28;10;62;327572.32;251802.79
11804;Pengeluaran;2013;1;28;10;63;109095.25;85440.76
11805;Pengeluaran;2013;1;28;10;64;907786.34;702412.27
11806;Pengeluaran;2013;1;28;10;65;1616333.06;1272217.66
11807;Pengeluaran;2013;1;28;10;66;215196.19;163342.26
11808;Pengeluaran;2013;1;28;10;67;352006.86;327995.65
11809;Pengeluaran;2013;1;28;10;68;10844800.17;7501214.81
11810;Pengeluaran;2013;1;28;10;69;5656891.42;3994239.88
11811;Pengeluaran;2013;1;28;11;56;1292775.12;1041985.02
11812;Pengeluaran;2013;1;28;11;57;74063.4;56046.59
11813;Pengeluaran;2013;1;28;11;58;202263.07;158055.65
11814;Pengeluaran;2013;1;28;11;59;196415.28;149114.73
11815;Pengeluaran;2013;1;28;11;60;435082.66;324948.69
11816;Pengeluaran;2013;1;28;11;61;60394.4;50391.21
11817;Pengeluaran;2013;1;28;11;62;108274.11;82981.73
11818;Pengeluaran;2013;1;28;11;63;21333.45;16505.58
11819;Pengeluaran;2013;1;28;11;64;568216.1;448632.73
11820;Pengeluaran;2013;1;28;11;65;1417888.69;1075230.69
11821;Pengeluaran;2013;1;28;11;66;225149.66;183787.82
11822;Pengeluaran;2013;1;28;11;67;27353.49;63849.43
11823;Pengeluaran;2013;1;28;11;68;985551.3;688138.05
11824;Pengeluaran;2013;1;28;11;69;1781461.11;1338948.44
11825;Pengeluaran;2013;1;28;12;56;5827514.36;4437707.64
11826;Pengeluaran;2013;1;28;12;57;356546.87;273173.37
11827;Pengeluaran;2013;1;28;12;58;581142.14;465086.35
11828;Pengeluaran;2013;1;28;12;59;852776.62;636180.99
11829;Pengeluaran;2013;1;28;12;60;1923457.03;1531259.83
11830;Pengeluaran;2013;1;28;12;61;438956.14;323184.59
11831;Pengeluaran;2013;1;28;12;62;383549.23;282509.61
11832;Pengeluaran;2013;1;28;12;63;171007.24;136421.98
11833;Pengeluaran;2013;1;28;12;64;1833461.99;1323625.76
11834;Pengeluaran;2013;1;28;12;65;4358981.51;3195129.98
11835;Pengeluaran;2013;1;28;12;66;1334829.18;1094109.15
11836;Pengeluaran;2013;1;28;12;67;230414.4;384602.53
11837;Pengeluaran;2013;1;28;12;68;4722105.8;3368467.93
11838;Pengeluaran;2013;1;28;12;69;6280535.41;4721340.21
11839;Pengeluaran;2013;1;28;13;56;1672216.58;1352263.57
11840;Pengeluaran;2013;1;28;13;57;114021.08;78736.19
11841;Pengeluaran;2013;1;28;13;58;295370.2;240424.3
11842;Pengeluaran;2013;1;28;13;59;283297.98;216570.45
11843;Pengeluaran;2013;1;28;13;60;721116.6;565662.6
11844;Pengeluaran;2013;1;28;13;61;145198.49;106109.77
11845;Pengeluaran;2013;1;28;13;62;114958.55;88177.96
11846;Pengeluaran;2013;1;28;13;63;56551.94;45894.49
11847;Pengeluaran;2013;1;28;13;64;708625.86;557722.04
11848;Pengeluaran;2013;1;28;13;65;1844443.62;1407991.6
11849;Pengeluaran;2013;1;28;13;66;167265.65;137964.57
11850;Pengeluaran;2013;1;28;13;67;36645.59;26780.16
11851;Pengeluaran;2013;1;28;13;68;1286164.2;1021659.3
11852;Pengeluaran;2013;1;28;13;69;2044526.97;1586406.43
11853;Pengeluaran;2013;1;28;14;56;3445038.05;2733733.47
11854;Pengeluaran;2013;1;28;14;57;353408.07;238489.22
11855;Pengeluaran;2013;1;28;14;58;634757.28;468770.66
11856;Pengeluaran;2013;1;28;14;59;711519.55;497875.26
11857;Pengeluaran;2013;1;28;14;60;1518683.96;1074943.78
11858;Pengeluaran;2013;1;28;14;61;326237.96;241842.69
11859;Pengeluaran;2013;1;28;14;62;259775.7;196407.29
11860;Pengeluaran;2013;1;28;14;63;118833.45;87310.42
11861;Pengeluaran;2013;1;28;14;64;1011692.18;777963.31
11862;Pengeluaran;2013;1;28;14;65;2509902.11;1803252.18
11863;Pengeluaran;2013;1;28;14;66;1063213.25;896393.93
11864;Pengeluaran;2013;1;28;14;67;303333.07;241542.24
11865;Pengeluaran;2013;1;28;14;68;3856890.65;2895760.12
11866;Pengeluaran;2013;1;28;14;69;4484141.58;3335174.5
11867;Pengeluaran;2013;1;28;15;56;2545594.4;1968821.22
11868;Pengeluaran;2013;1;28;15;57;119581.35;84988.75
11869;Pengeluaran;2013;1;28;15;58;276045.22;222994.18
11870;Pengeluaran;2013;1;28;15;59;366183.63;279357.9
11871;Pengeluaran;2013;1;28;15;60;650867.91;526347.37
11872;Pengeluaran;2013;1;28;15;61;153117.86;118268.35
11873;Pengeluaran;2013;1;28;15;62;126045.67;99584.53
11874;Pengeluaran;2013;1;28;15;63;99831.32;78736.1
11875;Pengeluaran;2013;1;28;15;64;791825.9;605723.6
11876;Pengeluaran;2013;1;28;15;65;2304755.01;1648783.7
11877;Pengeluaran;2013;1;28;15;66;458442.83;358499.81
11878;Pengeluaran;2013;1;28;15;67;133092.04;88805.51
11879;Pengeluaran;2013;1;28;15;68;1610934.36;1238507.66
11880;Pengeluaran;2013;1;28;15;69;2700274.55;2021880.15
11881;Pengeluaran;2013;1;28;16;56;3079058.19;2485894.74
11882;Pengeluaran;2013;1;28;16;57;265035.38;176259.89
11883;Pengeluaran;2013;1;28;16;58;567054.26;422589.39
11884;Pengeluaran;2013;1;28;16;59;589874.37;411239.6
11885;Pengeluaran;2013;1;28;16;60;954092.59;756071.05
11886;Pengeluaran;2013;1;28;16;61;188306.15;140681.57
11887;Pengeluaran;2013;1;28;16;62;121287.15;88577.85
11888;Pengeluaran;2013;1;28;16;63;65225.57;49198.14
11889;Pengeluaran;2013;1;28;16;64;852985.94;659457.41
11890;Pengeluaran;2013;1;28;16;65;2366695.12;1796874.3
11891;Pengeluaran;2013;1;28;16;66;1157041.76;865319.3
11892;Pengeluaran;2013;1;28;16;67;71526.56;166336.01
11893;Pengeluaran;2013;1;28;16;68;3153709.93;2431893.16
11894;Pengeluaran;2013;1;28;16;69;3539313.89;2741493.27
11895;Pengeluaran;2013;2;29;1;56;37901554.26;31271104.33
11896;Pengeluaran;2013;2;29;1;57;2713569.38;2089330.56
11897;Pengeluaran;2013;2;29;1;58;5660799.03;4735053.06
11898;Pengeluaran;2013;2;29;1;59;6228249.15;4976739.85
11899;Pengeluaran;2013;2;29;1;60;12536767.15;10363024.1
11900;Pengeluaran;2013;2;29;1;61;2414721.39;1956501.26
11901;Pengeluaran;2013;2;29;1;62;2702052.4;2177080.37
11902;Pengeluaran;2013;2;29;1;63;1317794.44;1120877.53
11903;Pengeluaran;2013;2;29;1;64;13378584.53;10758905.73
11904;Pengeluaran;2013;2;29;1;65;29252553.99;24386696.44
11905;Pengeluaran;2013;2;29;1;66;7971315.35;7007624.52
11906;Pengeluaran;2013;2;29;1;67;2129616.63;1843766.52
11907;Pengeluaran;2013;2;29;1;68;48767056.79;38679494.02
11908;Pengeluaran;2013;2;29;1;69;51157558.16;41189401.45
11909;Pengeluaran;2013;2;29;2;56;983457.24;791549.7
11910;Pengeluaran;2013;2;29;2;57;67597.31;49505.24
11911;Pengeluaran;2013;2;29;2;58;153947.44;119622.93
11912;Pengeluaran;2013;2;29;2;59;149662.86;114959.23
11913;Pengeluaran;2013;2;29;2;60;258768.02;214996.88
11914;Pengeluaran;2013;2;29;2;61;37587.28;29386.36
11915;Pengeluaran;2013;2;29;2;62;74037.76;57612.96
11916;Pengeluaran;2013;2;29;2;63;27384.46;22090.45
11917;Pengeluaran;2013;2;29;2;64;571934.6;507694.88
11918;Pengeluaran;2013;2;29;2;65;1158382.68;944791.21
11919;Pengeluaran;2013;2;29;2;66;92425.78;83282.85
11920;Pengeluaran;2013;2;29;2;67;32007.17;28890.26
11921;Pengeluaran;2013;2;29;2;68;800701.61;522965.78
11922;Pengeluaran;2013;2;29;2;69;1527033.79;1190973.85
11923;Pengeluaran;2013;2;29;3;56;2495607.66;2000102.54
11924;Pengeluaran;2013;2;29;3;57;159664.65;131682.11
11925;Pengeluaran;2013;2;29;3;58;442162.28;359265.38
11926;Pengeluaran;2013;2;29;3;59;401625.3;312233.46
11927;Pengeluaran;2013;2;29;3;60;750650.43;606733.66
11928;Pengeluaran;2013;2;29;3;61;94607.06;77702.36
11929;Pengeluaran;2013;2;29;3;62;200808.18;170493.9
11930;Pengeluaran;2013;2;29;3;63;64968.87;54674.18
11931;Pengeluaran;2013;2;29;3;64;977491.33;783641.42
11932;Pengeluaran;2013;2;29;3;65;1484019.87;1253006.07
11933;Pengeluaran;2013;2;29;3;66;271763.6;225115.75
11934;Pengeluaran;2013;2;29;3;67;91764.93;78539.54
11935;Pengeluaran;2013;2;29;3;68;1859995.64;1684490.27
11936;Pengeluaran;2013;2;29;3;69;2107796.35;1828389.83
11937;Pengeluaran;2013;2;29;4;56;1345443.26;1061840.8
11938;Pengeluaran;2013;2;29;4;57;114909.9;85305.47
11939;Pengeluaran;2013;2;29;4;58;263732.87;233545.92
11940;Pengeluaran;2013;2;29;4;59;260307.57;212607.47
11941;Pengeluaran;2013;2;29;4;60;425089.88;342964.17
11942;Pengeluaran;2013;2;29;4;61;49604.15;41144.6
11943;Pengeluaran;2013;2;29;4;62;103060.7;82115.79
11944;Pengeluaran;2013;2;29;4;63;73216.43;60571.63
11945;Pengeluaran;2013;2;29;4;64;595724.09;473480.32
11946;Pengeluaran;2013;2;29;4;65;1647327.15;1376872.14
11947;Pengeluaran;2013;2;29;4;66;288632.76;250124.51
11948;Pengeluaran;2013;2;29;4;67;124422.13;106526.43
11949;Pengeluaran;2013;2;29;4;68;1045287.98;701841.08
11950;Pengeluaran;2013;2;29;4;69;1986442.02;1503328.38
11951;Pengeluaran;2013;2;29;5;56;1988896.89;1540421.74
11952;Pengeluaran;2013;2;29;5;57;120348.27;99846.53
11953;Pengeluaran;2013;2;29;5;58;235939.87;214508.24
11954;Pengeluaran;2013;2;29;5;59;272602.36;228805.79
11955;Pengeluaran;2013;2;29;5;60;657345.5;553931.99
11956;Pengeluaran;2013;2;29;5;61;73078.41;57826.82
11957;Pengeluaran;2013;2;29;5;62;151837.08;122100.87
11958;Pengeluaran;2013;2;29;5;63;92215.98;81190.17
11959;Pengeluaran;2013;2;29;5;64;665750.54;582793.95
11960;Pengeluaran;2013;2;29;5;65;1263625.14;1029974.51
11961;Pengeluaran;2013;2;29;5;66;376447.33;326879.53
11962;Pengeluaran;2013;2;29;5;67;110220.61;102481.47
11963;Pengeluaran;2013;2;29;5;68;1376047.03;1200336.46
11964;Pengeluaran;2013;2;29;5;69;2114945.34;1718197.29
11965;Pengeluaran;2013;2;29;6;56;1784364.93;1531132.63
11966;Pengeluaran;2013;2;29;6;57;156581.16;123958.72
11967;Pengeluaran;2013;2;29;6;58;278074.55;227256.79
11968;Pengeluaran;2013;2;29;6;59;273078.5;228590.42
11969;Pengeluaran;2013;2;29;6;60;572054.27;467682.64
11970;Pengeluaran;2013;2;29;6;61;101401.69;80568.85
11971;Pengeluaran;2013;2;29;6;62;78722.67;63189.26
11972;Pengeluaran;2013;2;29;6;63;80142.52;64109.76
11973;Pengeluaran;2013;2;29;6;64;761731.32;555362.33
11974;Pengeluaran;2013;2;29;6;65;850127.25;741954.99
11975;Pengeluaran;2013;2;29;6;66;201408.08;186040.81
11976;Pengeluaran;2013;2;29;6;67;88634.11;59920.08
11977;Pengeluaran;2013;2;29;6;68;1576002.02;1281013.3
11978;Pengeluaran;2013;2;29;6;69;1798138.21;1466488.18
11979;Pengeluaran;2013;2;29;7;56;3617763.35;3052514.56
11980;Pengeluaran;2013;2;29;7;57;266084.55;207450.05
11981;Pengeluaran;2013;2;29;7;58;673070.59;599549.23
11982;Pengeluaran;2013;2;29;7;59;795676.06;656251.88
11983;Pengeluaran;2013;2;29;7;60;1205173.49;982343.81
11984;Pengeluaran;2013;2;29;7;61;136522.22;115955.93
11985;Pengeluaran;2013;2;29;7;62;195796.08;163895.57
11986;Pengeluaran;2013;2;29;7;63;145293.06;123726.12
11987;Pengeluaran;2013;2;29;7;64;1332928.97;1083848.81
11988;Pengeluaran;2013;2;29;7;65;2531632.36;2249089.85
11989;Pengeluaran;2013;2;29;7;66;750817.33;670716.53
11990;Pengeluaran;2013;2;29;7;67;156563.77;144546.63
11991;Pengeluaran;2013;2;29;7;68;2975597.9;2477456.31
11992;Pengeluaran;2013;2;29;7;69;4069019.7;3457343.13
11993;Pengeluaran;2013;2;29;8;56;1963959.84;1598728.78
11994;Pengeluaran;2013;2;29;8;57;110704.1;85394.83
11995;Pengeluaran;2013;2;29;8;58;236914.42;200559.31
11996;Pengeluaran;2013;2;29;8;59;259579.36;215193.89
11997;Pengeluaran;2013;2;29;8;60;630387.14;550171.36
11998;Pengeluaran;2013;2;29;8;61;66714.12;55360.82
11999;Pengeluaran;2013;2;29;8;62;147754.93;118458.85
12000;Pengeluaran;2013;2;29;8;63;58356.28;49218.57
12001;Pengeluaran;2013;2;29;8;64;680173.75;545544.29
12002;Pengeluaran;2013;2;29;8;65;1681241.44;1475882.69
12003;Pengeluaran;2013;2;29;8;66;341712.43;317001.47
12004;Pengeluaran;2013;2;29;8;67;66888.26;58616.68
12005;Pengeluaran;2013;2;29;8;68;1646482.63;1336062.53
12006;Pengeluaran;2013;2;29;8;69;2289400.32;1899521.39
12007;Pengeluaran;2013;2;29;9;56;3208912.15;2646518.84
12008;Pengeluaran;2013;2;29;9;57;293524.75;219470.6
12009;Pengeluaran;2013;2;29;9;58;549209.75;445770.41
12010;Pengeluaran;2013;2;29;9;59;476814.7;377521.86
12011;Pengeluaran;2013;2;29;9;60;818844.55;673937.99
12012;Pengeluaran;2013;2;29;9;61;175131.55;146361.21
12013;Pengeluaran;2013;2;29;9;62;281819.28;216095.6
12014;Pengeluaran;2013;2;29;9;63;117427.15;102380.36
12015;Pengeluaran;2013;2;29;9;64;907569.25;756987.37
12016;Pengeluaran;2013;2;29;9;65;1587496.26;1275139.88
12017;Pengeluaran;2013;2;29;9;66;832547.2;724500.57
12018;Pengeluaran;2013;2;29;9;67;246738.52;218640.33
12019;Pengeluaran;2013;2;29;9;68;9423226.65;7115451.23
12020;Pengeluaran;2013;2;29;9;69;6952343.72;5306513.77
12021;Pengeluaran;2013;2;29;10;56;2956609.94;2533259.88
12022;Pengeluaran;2013;2;29;10;57;155134.57;121128.28
12023;Pengeluaran;2013;2;29;10;58;282459.38;232632.51
12024;Pengeluaran;2013;2;29;10;59;332612.99;268875.57
12025;Pengeluaran;2013;2;29;10;60;965205.85;832291.81
12026;Pengeluaran;2013;2;29;10;61;351078.36;279328.36
12027;Pengeluaran;2013;2;29;10;62;327572.32;261097.97
12028;Pengeluaran;2013;2;29;10;63;109095.25;93922.51
12029;Pengeluaran;2013;2;29;10;64;907786.34;728371.72
12030;Pengeluaran;2013;2;29;10;65;1616333.06;1395214.2
12031;Pengeluaran;2013;2;29;10;66;215196.19;178823.41
12032;Pengeluaran;2013;2;29;10;67;352006.86;313961.47
12033;Pengeluaran;2013;2;29;10;68;10844800.17;8504311.97
12034;Pengeluaran;2013;2;29;10;69;5656891.42;4494740.91
12035;Pengeluaran;2013;2;29;11;56;1292775.12;1095820.22
12036;Pengeluaran;2013;2;29;11;57;74063.4;58808.67
12037;Pengeluaran;2013;2;29;11;58;202263.07;166604.44
12038;Pengeluaran;2013;2;29;11;59;196415.28;159842.45
12039;Pengeluaran;2013;2;29;11;60;435082.66;346918.42
12040;Pengeluaran;2013;2;29;11;61;60394.4;52191.13
12041;Pengeluaran;2013;2;29;11;62;108274.11;87757.74
12042;Pengeluaran;2013;2;29;11;63;21333.45;17623.77
12043;Pengeluaran;2013;2;29;11;64;568216.1;473100.63
12044;Pengeluaran;2013;2;29;11;65;1417888.69;1190313.46
12045;Pengeluaran;2013;2;29;11;66;225149.66;198959.33
12046;Pengeluaran;2013;2;29;11;67;27353.49;22159.52
12047;Pengeluaran;2013;2;29;11;68;985551.3;804995.1
12048;Pengeluaran;2013;2;29;11;69;1781461.11;1438093.42
12049;Pengeluaran;2013;2;29;12;56;5827514.36;4645796.6
12050;Pengeluaran;2013;2;29;12;57;356546.87;294926.46
12051;Pengeluaran;2013;2;29;12;58;581142.14;497502.87
12052;Pengeluaran;2013;2;29;12;59;852776.62;681081.16
12053;Pengeluaran;2013;2;29;12;60;1923457.03;1590221.02
12054;Pengeluaran;2013;2;29;12;61;438956.14;350197.38
12055;Pengeluaran;2013;2;29;12;62;383549.23;306829.72
12056;Pengeluaran;2013;2;29;12;63;171007.24;149316.13
12057;Pengeluaran;2013;2;29;12;64;1833461.99;1409385.19
12058;Pengeluaran;2013;2;29;12;65;4358981.51;3537793.69
12059;Pengeluaran;2013;2;29;12;66;1334829.18;1201878.9
12060;Pengeluaran;2013;2;29;12;67;230414.4;199546.37
12061;Pengeluaran;2013;2;29;12;68;4722105.8;3701094.67
12062;Pengeluaran;2013;2;29;12;69;6280535.41;5033721.52
12063;Pengeluaran;2013;2;29;13;56;1672216.58;1420755.32
12064;Pengeluaran;2013;2;29;13;57;114021.08;84690.45
12065;Pengeluaran;2013;2;29;13;58;295370.2;251851.05
12066;Pengeluaran;2013;2;29;13;59;283297.98;230195.05
12067;Pengeluaran;2013;2;29;13;60;721116.6;599728.41
12068;Pengeluaran;2013;2;29;13;61;145198.49;113665.79
12069;Pengeluaran;2013;2;29;13;62;114958.55;93832.26
12070;Pengeluaran;2013;2;29;13;63;56551.94;50399.1
12071;Pengeluaran;2013;2;29;13;64;708625.86;570505.54
12072;Pengeluaran;2013;2;29;13;65;1844443.62;1549404.3
12073;Pengeluaran;2013;2;29;13;66;167265.65;149969.91
12074;Pengeluaran;2013;2;29;13;67;36645.59;28685.32
12075;Pengeluaran;2013;2;29;13;68;1286164.2;1113924.24
12076;Pengeluaran;2013;2;29;13;69;2044526.97;1690068.23
12077;Pengeluaran;2013;2;29;14;56;3445038.05;2860319.54
12078;Pengeluaran;2013;2;29;14;57;353408.07;257258.26
12079;Pengeluaran;2013;2;29;14;58;634757.28;504716.87
12080;Pengeluaran;2013;2;29;14;59;711519.55;544951.71
12081;Pengeluaran;2013;2;29;14;60;1518683.96;1176139.69
12082;Pengeluaran;2013;2;29;14;61;326237.96;262299.36
12083;Pengeluaran;2013;2;29;14;62;259775.7;208017.65
12084;Pengeluaran;2013;2;29;14;63;118833.45;96131.2
12085;Pengeluaran;2013;2;29;14;64;1011692.18;811584.84
12086;Pengeluaran;2013;2;29;14;65;2509902.11;2019174.62
12087;Pengeluaran;2013;2;29;14;66;1063213.25;957704.09
12088;Pengeluaran;2013;2;29;14;67;303333.07;263736.21
12089;Pengeluaran;2013;2;29;14;68;3856890.65;3052249.61
12090;Pengeluaran;2013;2;29;14;69;4484141.58;3585310.91
12091;Pengeluaran;2013;2;29;15;56;2545594.4;2122918.39
12092;Pengeluaran;2013;2;29;15;57;119581.35;91891.79
12093;Pengeluaran;2013;2;29;15;58;276045.22;243319.07
12094;Pengeluaran;2013;2;29;15;59;366183.63;301524.31
12095;Pengeluaran;2013;2;29;15;60;650867.91;562449.41
12096;Pengeluaran;2013;2;29;15;61;153117.86;129882.9
12097;Pengeluaran;2013;2;29;15;62;126045.67;107033.08
12098;Pengeluaran;2013;2;29;15;63;99831.32;86597.94
12099;Pengeluaran;2013;2;29;15;64;791825.9;630283.38
12100;Pengeluaran;2013;2;29;15;65;2304755.01;1836413.2
12101;Pengeluaran;2013;2;29;15;66;458442.83;386530.56
12102;Pengeluaran;2013;2;29;15;67;133092.04;100756.73
12103;Pengeluaran;2013;2;29;15;68;1610934.36;1255239.02
12104;Pengeluaran;2013;2;29;15;69;2700274.55;2190281.71
12105;Pengeluaran;2013;2;29;16;56;3079058.19;2621611.12
12106;Pengeluaran;2013;2;29;16;57;265035.38;188512.25
12107;Pengeluaran;2013;2;29;16;58;567054.26;447837.13
12108;Pengeluaran;2013;2;29;16;59;589874.37;439133.84
12109;Pengeluaran;2013;2;29;16;60;954092.59;821225.9
12110;Pengeluaran;2013;2;29;16;61;188306.15;151029.09
12111;Pengeluaran;2013;2;29;16;62;121287.15;96993.9
12112;Pengeluaran;2013;2;29;16;63;65225.57;54541.23
12113;Pengeluaran;2013;2;29;16;64;852985.94;676889.48
12114;Pengeluaran;2013;2;29;16;65;2366695.12;1986713.39
12115;Pengeluaran;2013;2;29;16;66;1157041.76;979178.63
12116;Pengeluaran;2013;2;29;16;67;71526.56;66540.16
12117;Pengeluaran;2013;2;29;16;68;3153709.93;2656202.88
12118;Pengeluaran;2013;2;29;16;69;3539313.89;2916797.45
12119;Pengeluaran;2013;3;30;1;56;42744898.41;33058717
12120;Pengeluaran;2013;3;30;1;57;3083064.25;2237287.36
12121;Pengeluaran;2013;3;30;1;58;6505529.36;5079089.3
12122;Pengeluaran;2013;3;30;1;59;7130638.66;5344346.76
12123;Pengeluaran;2013;3;30;1;60;14277769.61;10963032.21
12124;Pengeluaran;2013;3;30;1;61;2775112.13;2104626.95
12125;Pengeluaran;2013;3;30;1;62;3067836.22;2308132.37
12126;Pengeluaran;2013;3;30;1;63;1597501.66;1238786.49
12127;Pengeluaran;2013;3;30;1;64;14737385.92;11066343.06
12128;Pengeluaran;2013;3;30;1;65;33830035.64;26026670.2
12129;Pengeluaran;2013;3;30;1;66;9371682.08;7704176.15
12130;Pengeluaran;2013;3;30;1;67;239451.83;166026.69
12131;Pengeluaran;2013;3;30;1;68;60505852.39;44908436.66
12132;Pengeluaran;2013;3;30;1;69;58639952.3;43675216.06
12133;Pengeluaran;2013;3;30;2;56;1130041.04;838445.69
12134;Pengeluaran;2013;3;30;2;57;78543.14;53287.59
12135;Pengeluaran;2013;3;30;2;58;177637.87;127132.99
12136;Pengeluaran;2013;3;30;2;59;174230.96;123021.61
12137;Pengeluaran;2013;3;30;2;60;298916.76;227344.06
12138;Pengeluaran;2013;3;30;2;61;44019.91;31708.99
12139;Pengeluaran;2013;3;30;2;62;83144.68;59935.04
12140;Pengeluaran;2013;3;30;2;63;34328.57;24579.16
12141;Pengeluaran;2013;3;30;2;64;623547.64;530458.21
12142;Pengeluaran;2013;3;30;2;65;1378189.42;1028186.57
12143;Pengeluaran;2013;3;30;2;66;111017.65;91449.08
12144;Pengeluaran;2013;3;30;2;67;-37243.06;-33029.02
12145;Pengeluaran;2013;3;30;2;68;1203329.3;664485.69
12146;Pengeluaran;2013;3;30;2;69;1805600.28;1263656.34
12147;Pengeluaran;2013;3;30;3;56;2840417.49;2119463.66
12148;Pengeluaran;2013;3;30;3;57;186540.1;141589.89
12149;Pengeluaran;2013;3;30;3;58;506281.45;378906.54
12150;Pengeluaran;2013;3;30;3;59;467252.15;333358.39
12151;Pengeluaran;2013;3;30;3;60;853341.86;657087.95
12152;Pengeluaran;2013;3;30;3;61;107684.51;82638.97
12153;Pengeluaran;2013;3;30;3;62;230345.63;182056.13
12154;Pengeluaran;2013;3;30;3;63;75454.97;59456.56
12155;Pengeluaran;2013;3;30;3;64;1082450.82;814275.38
12156;Pengeluaran;2013;3;30;3;65;1716449.68;1348301.11
12157;Pengeluaran;2013;3;30;3;66;320288.19;252270.28
12158;Pengeluaran;2013;3;30;3;67;176636.42;145404.47
12159;Pengeluaran;2013;3;30;3;68;2619291.56;2022623.03
12160;Pengeluaran;2013;3;30;3;69;2808385.75;2123733.46
12161;Pengeluaran;2013;3;30;4;56;1500219.91;1122335.77
12162;Pengeluaran;2013;3;30;4;57;128857.29;89105.85
12163;Pengeluaran;2013;3;30;4;58;301680.77;254558.96
12164;Pengeluaran;2013;3;30;4;59;298737;227109.94
12165;Pengeluaran;2013;3;30;4;60;501533.91;370273.28
12166;Pengeluaran;2013;3;30;4;61;58213.67;45245
12167;Pengeluaran;2013;3;30;4;62;120238.55;90214.18
12168;Pengeluaran;2013;3;30;4;63;87780.91;65737.39
12169;Pengeluaran;2013;3;30;4;64;655384.74;484512.27
12170;Pengeluaran;2013;3;30;4;65;1959361.04;1517081.82
12171;Pengeluaran;2013;3;30;4;66;340538.46;278313.96
12172;Pengeluaran;2013;3;30;4;67;-108817.61;-87718.42
12173;Pengeluaran;2013;3;30;4;68;1339521.42;939300.85
12174;Pengeluaran;2013;3;30;4;69;2219452.94;1576795.11
12175;Pengeluaran;2013;3;30;5;56;2239440.76;1624517.23
12176;Pengeluaran;2013;3;30;5;57;138825.51;105339.66
12177;Pengeluaran;2013;3;30;5;58;278026.69;232981.85
12178;Pengeluaran;2013;3;30;5;59;307409.06;241047.39
12179;Pengeluaran;2013;3;30;5;60;748185.72;582959.09
12180;Pengeluaran;2013;3;30;5;61;85421.67;61553.97
12181;Pengeluaran;2013;3;30;5;62;173102.95;129365.55
12182;Pengeluaran;2013;3;30;5;63;112813.9;89532.06
12183;Pengeluaran;2013;3;30;5;64;739095.52;596367.21
12184;Pengeluaran;2013;3;30;5;65;1497983.5;1111714.15
12185;Pengeluaran;2013;3;30;5;66;436381.86;352929.16
12186;Pengeluaran;2013;3;30;5;67;166672.58;140125.45
12187;Pengeluaran;2013;3;30;5;68;1679601.2;1325286.37
12188;Pengeluaran;2013;3;30;5;69;2447080.92;1820075.53
12189;Pengeluaran;2013;3;30;6;56;2049190.75;1637231.07
12190;Pengeluaran;2013;3;30;6;57;176625.39;130023.72
12191;Pengeluaran;2013;3;30;6;58;321051.36;242522.85
12192;Pengeluaran;2013;3;30;6;59;311570.73;241797.76
12193;Pengeluaran;2013;3;30;6;60;658667.34;495676.28
12194;Pengeluaran;2013;3;30;6;61;118409.98;87934.68
12195;Pengeluaran;2013;3;30;6;62;90112.11;66669.74
12196;Pengeluaran;2013;3;30;6;63;96075.88;71157.88
12197;Pengeluaran;2013;3;30;6;64;829235.22;580940.88
12198;Pengeluaran;2013;3;30;6;65;1014713.06;801886.91
12199;Pengeluaran;2013;3;30;6;66;238105.6;204161.61
12200;Pengeluaran;2013;3;30;6;67;44028.92;36029.95
12201;Pengeluaran;2013;3;30;6;68;2032191.02;1520247.69
12202;Pengeluaran;2013;3;30;6;69;2098606.32;1567664.34
12203;Pengeluaran;2013;3;30;7;56;4077219.3;3261917.06
12204;Pengeluaran;2013;3;30;7;57;303602.47;221701.87
12205;Pengeluaran;2013;3;30;7;58;762358.3;640918.12
12206;Pengeluaran;2013;3;30;7;59;909059.9;704552.02
12207;Pengeluaran;2013;3;30;7;60;1362103.81;1034800.97
12208;Pengeluaran;2013;3;30;7;61;153532.89;122785.74
12209;Pengeluaran;2013;3;30;7;62;213868.05;169779.42
12210;Pengeluaran;2013;3;30;7;63;179872.81;137138.04
12211;Pengeluaran;2013;3;30;7;64;1471820.17;1103809.85
12212;Pengeluaran;2013;3;30;7;65;2911377.21;2367943.68
12213;Pengeluaran;2013;3;30;7;66;876171.97;740300.95
12214;Pengeluaran;2013;3;30;7;67;-154780.2;-129772.37
12215;Pengeluaran;2013;3;30;7;68;3472568.72;2966651.45
12216;Pengeluaran;2013;3;30;7;69;4494341.99;3622357.15
12217;Pengeluaran;2013;3;30;8;56;2186758.02;1676019.13
12218;Pengeluaran;2013;3;30;8;57;127796.89;92502.13
12219;Pengeluaran;2013;3;30;8;58;271916.99;214975.66
12220;Pengeluaran;2013;3;30;8;59;300428.58;231176.81
12221;Pengeluaran;2013;3;30;8;60;724790.34;587609.37
12222;Pengeluaran;2013;3;30;8;61;77614.76;59715.3
12223;Pengeluaran;2013;3;30;8;62;168863.33;124772.02
12224;Pengeluaran;2013;3;30;8;63;69647.07;54370.55
12225;Pengeluaran;2013;3;30;8;64;743511.02;551678.13
12226;Pengeluaran;2013;3;30;8;65;2004180.21;1592031.73
12227;Pengeluaran;2013;3;30;8;66;426764.61;358182.83
12228;Pengeluaran;2013;3;30;8;67;-83053.58;-62157.57
12229;Pengeluaran;2013;3;30;8;68;2098840.03;1557503.81
12230;Pengeluaran;2013;3;30;8;69;2633866.99;2003080.45
12231;Pengeluaran;2013;3;30;9;56;3641423.01;2783102.63
12232;Pengeluaran;2013;3;30;9;57;333388.85;235003.98
12233;Pengeluaran;2013;3;30;9;58;642997.51;486678.76
12234;Pengeluaran;2013;3;30;9;59;557892.47;408190.76
12235;Pengeluaran;2013;3;30;9;60;871509.89;685271.73
12236;Pengeluaran;2013;3;30;9;61;203206.85;155744.41
12237;Pengeluaran;2013;3;30;9;62;328677.12;229906.78
12238;Pengeluaran;2013;3;30;9;63;138322.72;111991.68
12239;Pengeluaran;2013;3;30;9;64;983907.43;778808.91
12240;Pengeluaran;2013;3;30;9;65;1853558.56;1377549.5
12241;Pengeluaran;2013;3;30;9;66;966087.54;781698.97
12242;Pengeluaran;2013;3;30;9;67;-138477.79;-96321.38
12243;Pengeluaran;2013;3;30;9;68;10712777.49;7467351.2
12244;Pengeluaran;2013;3;30;9;69;7633196.74;5338154.18
12245;Pengeluaran;2013;3;30;10;56;3369868.19;2723629.14
12246;Pengeluaran;2013;3;30;10;57;179938.13;129403
12247;Pengeluaran;2013;3;30;10;58;321452.59;244808.93
12248;Pengeluaran;2013;3;30;10;59;374842.35;284618.1
12249;Pengeluaran;2013;3;30;10;60;1099108.52;875404.28
12250;Pengeluaran;2013;3;30;10;61;398763.86;298896.05
12251;Pengeluaran;2013;3;30;10;62;364217.91;271740.6
12252;Pengeluaran;2013;3;30;10;63;136232.03;104190.28
12253;Pengeluaran;2013;3;30;10;64;1009816.27;748086.25
12254;Pengeluaran;2013;3;30;10;65;1861794.35;1493719.84
12255;Pengeluaran;2013;3;30;10;66;250403.17;199680.35
12256;Pengeluaran;2013;3;30;10;67;-185409.23;-142544.3
12257;Pengeluaran;2013;3;30;10;68;13345583.01;10190046.35
12258;Pengeluaran;2013;3;30;10;69;6556487.17;5001915.48
12259;Pengeluaran;2013;3;30;11;56;1469381.76;1158487.39
12260;Pengeluaran;2013;3;30;11;57;84882.75;61817.22
12261;Pengeluaran;2013;3;30;11;58;230048.26;174138.33
12262;Pengeluaran;2013;3;30;11;59;227467.81;169700.52
12263;Pengeluaran;2013;3;30;11;60;503495.25;368394.32
12264;Pengeluaran;2013;3;30;11;61;70392.46;55589.81
12265;Pengeluaran;2013;3;30;11;62;119037.18;93213.84
12266;Pengeluaran;2013;3;30;11;63;24929.54;19366.22
12267;Pengeluaran;2013;3;30;11;64;619752.95;495775.53
12268;Pengeluaran;2013;3;30;11;65;1602113.03;1295609.79
12269;Pengeluaran;2013;3;30;11;66;257793.14;214734.22
12270;Pengeluaran;2013;3;30;11;67;22619.14;18129.57
12271;Pengeluaran;2013;3;30;11;68;1259577.16;871193.85
12272;Pengeluaran;2013;3;30;11;69;2057961.46;1521365.81
12273;Pengeluaran;2013;3;30;12;56;6645274.24;4858109.5
12274;Pengeluaran;2013;3;30;12;57;387470.37;318696.3
12275;Pengeluaran;2013;3;30;12;58;651684.78;536656.35
12276;Pengeluaran;2013;3;30;12;59;958513.58;738111.63
12277;Pengeluaran;2013;3;30;12;60;2207059.58;1652304.55
12278;Pengeluaran;2013;3;30;12;61;507953.25;389791.32
12279;Pengeluaran;2013;3;30;12;62;452260.77;331328.5
12280;Pengeluaran;2013;3;30;12;63;213561.7;167431.68
12281;Pengeluaran;2013;3;30;12;64;2074505.23;1443767.96
12282;Pengeluaran;2013;3;30;12;65;5076968.76;3748876.34
12283;Pengeluaran;2013;3;30;12;66;1555661.47;1348752.02
12284;Pengeluaran;2013;3;30;12;67;194617.32;160004.02
12285;Pengeluaran;2013;3;30;12;68;6213369.52;4434601.81
12286;Pengeluaran;2013;3;30;12;69;7271955.31;5307056.01
12287;Pengeluaran;2013;3;30;13;56;1834559.87;1488979.07
12288;Pengeluaran;2013;3;30;13;57;128749.34;91535.95
12289;Pengeluaran;2013;3;30;13;58;351983.36;274064.12
12290;Pengeluaran;2013;3;30;13;59;309619.51;243431.09
12291;Pengeluaran;2013;3;30;13;60;825987;629085.41
12292;Pengeluaran;2013;3;30;13;61;163934.73;118677.42
12293;Pengeluaran;2013;3;30;13;62;130109.92;99962.94
12294;Pengeluaran;2013;3;30;13;63;69655.23;56396.81
12295;Pengeluaran;2013;3;30;13;64;766885.76;577323.49
12296;Pengeluaran;2013;3;30;13;65;2146609.51;1674264.12
12297;Pengeluaran;2013;3;30;13;66;209534.67;169617.76
12298;Pengeluaran;2013;3;30;13;67;39684.04;29706.9
12299;Pengeluaran;2013;3;30;13;68;1490515.88;1182428.01
12300;Pengeluaran;2013;3;30;13;69;2294900.24;1753278.34
12301;Pengeluaran;2013;3;30;14;56;3804606.81;3005219.45
12302;Pengeluaran;2013;3;30;14;57;397560.82;277426.08
12303;Pengeluaran;2013;3;30;14;58;725106.91;545239.05
12304;Pengeluaran;2013;3;30;14;59;826561.5;590458.46
12305;Pengeluaran;2013;3;30;14;60;1719611.76;1269185.03
12306;Pengeluaran;2013;3;30;14;61;380251.81;283369.63
12307;Pengeluaran;2013;3;30;14;62;288485.02;222512.32
12308;Pengeluaran;2013;3;30;14;63;141138.05;105990.64
12309;Pengeluaran;2013;3;30;14;64;1091018.12;840868.08
12310;Pengeluaran;2013;3;30;14;65;2874510.64;2107689.44
12311;Pengeluaran;2013;3;30;14;66;1193330.25;1010068.86
12312;Pengeluaran;2013;3;30;14;67;295637.43;181576.24
12313;Pengeluaran;2013;3;30;14;68;5038401.05;3748256.14
12314;Pengeluaran;2013;3;30;14;69;5120842.14;3846777.25
12315;Pengeluaran;2013;3;30;15;56;2816069.08;2221325.97
12316;Pengeluaran;2013;3;30;15;57;135370.78;99425.1
12317;Pengeluaran;2013;3;30;15;58;320457.66;263020.95
12318;Pengeluaran;2013;3;30;15;59;423132.53;325702.29
12319;Pengeluaran;2013;3;30;15;60;761205.67;602730.93
12320;Pengeluaran;2013;3;30;15;61;173071.43;139242.18
12321;Pengeluaran;2013;3;30;15;62;141199.4;112553.06
12322;Pengeluaran;2013;3;30;15;63;117057.75;94837.66
12323;Pengeluaran;2013;3;30;15;64;882376.54;659298.58
12324;Pengeluaran;2013;3;30;15;65;2560077.75;1913759.6
12325;Pengeluaran;2013;3;30;15;66;529053.61;420644.42
12326;Pengeluaran;2013;3;30;15;67;-124073.33;-92118.08
12327;Pengeluaran;2013;3;30;15;68;2357605.73;1637802.04
12328;Pengeluaran;2013;3;30;15;69;3045123;2288023.04
12329;Pengeluaran;2013;3;30;16;56;3485145.11;2806536.8
12330;Pengeluaran;2013;3;30;16;57;310405.21;201671.68
12331;Pengeluaran;2013;3;30;16;58;655882;472664.38
12332;Pengeluaran;2013;3;30;16;59;676797.02;476730.99
12333;Pengeluaran;2013;3;30;16;60;1085368.66;881227.55
12334;Pengeluaran;2013;3;30;16;61;213349.61;157103.51
12335;Pengeluaran;2013;3;30;16;62;133798.99;101269.46
12336;Pengeluaran;2013;3;30;16;63;80129.53;60712.33
12337;Pengeluaran;2013;3;30;16;64;931993.68;686099.22
12338;Pengeluaran;2013;3;30;16;65;2643909.41;2087794.6
12339;Pengeluaran;2013;3;30;16;66;1431972.28;1093464.95
12340;Pengeluaran;2013;3;30;16;67;124888.75;94189.11
12341;Pengeluaran;2013;3;30;16;68;3653125.16;2903978.64
12342;Pengeluaran;2013;3;30;16;69;4059886.6;3082958.6
12343;Pengeluaran;2013;4;31;1;56;42744898.41;33058717
12344;Pengeluaran;2013;4;31;1;57;3083064.25;2237287.36
12345;Pengeluaran;2013;4;31;1;58;6505529.36;5079089.3
12346;Pengeluaran;2013;4;31;1;59;7130638.66;5344346.76
12347;Pengeluaran;2013;4;31;1;60;14277769.61;10963032.21
12348;Pengeluaran;2013;4;31;1;61;2775112.13;2104626.95
12349;Pengeluaran;2013;4;31;1;62;3067836.22;2308132.37
12350;Pengeluaran;2013;4;31;1;63;1597501.66;1238786.49
12351;Pengeluaran;2013;4;31;1;64;14737385.92;11066343.06
12352;Pengeluaran;2013;4;31;1;65;33830035.64;26026670.2
12353;Pengeluaran;2013;4;31;1;66;9371682.08;7704176.15
12354;Pengeluaran;2013;4;31;1;67;239451.83;166026.69
12355;Pengeluaran;2013;4;31;1;68;60505852.39;44908436.66
12356;Pengeluaran;2013;4;31;1;69;58639952.3;43675216.06
12357;Pengeluaran;2013;4;31;2;56;1130041.04;838445.69
12358;Pengeluaran;2013;4;31;2;57;78543.14;53287.59
12359;Pengeluaran;2013;4;31;2;58;177637.87;127132.99
12360;Pengeluaran;2013;4;31;2;59;174230.96;123021.61
12361;Pengeluaran;2013;4;31;2;60;298916.76;227344.06
12362;Pengeluaran;2013;4;31;2;61;44019.91;31708.99
12363;Pengeluaran;2013;4;31;2;62;83144.68;59935.04
12364;Pengeluaran;2013;4;31;2;63;34328.57;24579.16
12365;Pengeluaran;2013;4;31;2;64;623547.64;530458.21
12366;Pengeluaran;2013;4;31;2;65;1378189.42;1028186.57
12367;Pengeluaran;2013;4;31;2;66;111017.65;91449.08
12368;Pengeluaran;2013;4;31;2;67;-37243.06;-33029.02
12369;Pengeluaran;2013;4;31;2;68;1203329.3;664485.69
12370;Pengeluaran;2013;4;31;2;69;1805600.28;1263656.34
12371;Pengeluaran;2013;4;31;3;56;2840417.49;2119463.66
12372;Pengeluaran;2013;4;31;3;57;186540.1;141589.89
12373;Pengeluaran;2013;4;31;3;58;506281.45;378906.54
12374;Pengeluaran;2013;4;31;3;59;467252.15;333358.39
12375;Pengeluaran;2013;4;31;3;60;853341.86;657087.95
12376;Pengeluaran;2013;4;31;3;61;107684.51;82638.97
12377;Pengeluaran;2013;4;31;3;62;230345.63;182056.13
12378;Pengeluaran;2013;4;31;3;63;75454.97;59456.56
12379;Pengeluaran;2013;4;31;3;64;1082450.82;814275.38
12380;Pengeluaran;2013;4;31;3;65;1716449.68;1348301.11
12381;Pengeluaran;2013;4;31;3;66;320288.19;252270.28
12382;Pengeluaran;2013;4;31;3;67;176636.42;145404.47
12383;Pengeluaran;2013;4;31;3;68;2619291.56;2022623.03
12384;Pengeluaran;2013;4;31;3;69;2808385.75;2123733.46
12385;Pengeluaran;2013;4;31;4;56;1500219.91;1122335.77
12386;Pengeluaran;2013;4;31;4;57;128857.29;89105.85
12387;Pengeluaran;2013;4;31;4;58;301680.77;254558.96
12388;Pengeluaran;2013;4;31;4;59;298737;227109.94
12389;Pengeluaran;2013;4;31;4;60;501533.91;370273.28
12390;Pengeluaran;2013;4;31;4;61;58213.67;45245
12391;Pengeluaran;2013;4;31;4;62;120238.55;90214.18
12392;Pengeluaran;2013;4;31;4;63;87780.91;65737.39
12393;Pengeluaran;2013;4;31;4;64;655384.74;484512.27
12394;Pengeluaran;2013;4;31;4;65;1959361.04;1517081.82
12395;Pengeluaran;2013;4;31;4;66;340538.46;278313.96
12396;Pengeluaran;2013;4;31;4;67;-108817.61;-87718.42
12397;Pengeluaran;2013;4;31;4;68;1339521.42;939300.85
12398;Pengeluaran;2013;4;31;4;69;2219452.94;1576795.11
12399;Pengeluaran;2013;4;31;5;56;2239440.76;1624517.23
12400;Pengeluaran;2013;4;31;5;57;138825.51;105339.66
12401;Pengeluaran;2013;4;31;5;58;278026.69;232981.85
12402;Pengeluaran;2013;4;31;5;59;307409.06;241047.39
12403;Pengeluaran;2013;4;31;5;60;748185.72;582959.09
12404;Pengeluaran;2013;4;31;5;61;85421.67;61553.97
12405;Pengeluaran;2013;4;31;5;62;173102.95;129365.55
12406;Pengeluaran;2013;4;31;5;63;112813.9;89532.06
12407;Pengeluaran;2013;4;31;5;64;739095.52;596367.21
12408;Pengeluaran;2013;4;31;5;65;1497983.5;1111714.15
12409;Pengeluaran;2013;4;31;5;66;436381.86;352929.16
12410;Pengeluaran;2013;4;31;5;67;166672.58;140125.45
12411;Pengeluaran;2013;4;31;5;68;1679601.2;1325286.37
12412;Pengeluaran;2013;4;31;5;69;2447080.92;1820075.53
12413;Pengeluaran;2013;4;31;6;56;2049190.75;1637231.07
12414;Pengeluaran;2013;4;31;6;57;176625.39;130023.72
12415;Pengeluaran;2013;4;31;6;58;321051.36;242522.85
12416;Pengeluaran;2013;4;31;6;59;311570.73;241797.76
12417;Pengeluaran;2013;4;31;6;60;658667.34;495676.28
12418;Pengeluaran;2013;4;31;6;61;118409.98;87934.68
12419;Pengeluaran;2013;4;31;6;62;90112.11;66669.74
12420;Pengeluaran;2013;4;31;6;63;96075.88;71157.88
12421;Pengeluaran;2013;4;31;6;64;829235.22;580940.88
12422;Pengeluaran;2013;4;31;6;65;1014713.06;801886.91
12423;Pengeluaran;2013;4;31;6;66;238105.6;204161.61
12424;Pengeluaran;2013;4;31;6;67;44028.92;36029.95
12425;Pengeluaran;2013;4;31;6;68;2032191.02;1520247.69
12426;Pengeluaran;2013;4;31;6;69;2098606.32;1567664.34
12427;Pengeluaran;2013;4;31;7;56;4077219.3;3261917.06
12428;Pengeluaran;2013;4;31;7;57;303602.47;221701.87
12429;Pengeluaran;2013;4;31;7;58;762358.3;640918.12
12430;Pengeluaran;2013;4;31;7;59;909059.9;704552.02
12431;Pengeluaran;2013;4;31;7;60;1362103.81;1034800.97
12432;Pengeluaran;2013;4;31;7;61;153532.89;122785.74
12433;Pengeluaran;2013;4;31;7;62;213868.05;169779.42
12434;Pengeluaran;2013;4;31;7;63;179872.81;137138.04
12435;Pengeluaran;2013;4;31;7;64;1471820.17;1103809.85
12436;Pengeluaran;2013;4;31;7;65;2911377.21;2367943.68
12437;Pengeluaran;2013;4;31;7;66;876171.97;740300.95
12438;Pengeluaran;2013;4;31;7;67;-154780.2;-129772.37
12439;Pengeluaran;2013;4;31;7;68;3472568.72;2966651.45
12440;Pengeluaran;2013;4;31;7;69;4494341.99;3622357.15
12441;Pengeluaran;2013;4;31;8;56;2186758.02;1676019.13
12442;Pengeluaran;2013;4;31;8;57;127796.89;92502.13
12443;Pengeluaran;2013;4;31;8;58;271916.99;214975.66
12444;Pengeluaran;2013;4;31;8;59;300428.58;231176.81
12445;Pengeluaran;2013;4;31;8;60;724790.34;587609.37
12446;Pengeluaran;2013;4;31;8;61;77614.76;59715.3
12447;Pengeluaran;2013;4;31;8;62;168863.33;124772.02
12448;Pengeluaran;2013;4;31;8;63;69647.07;54370.55
12449;Pengeluaran;2013;4;31;8;64;743511.02;551678.13
12450;Pengeluaran;2013;4;31;8;65;2004180.21;1592031.73
12451;Pengeluaran;2013;4;31;8;66;426764.61;358182.83
12452;Pengeluaran;2013;4;31;8;67;-83053.58;-62157.57
12453;Pengeluaran;2013;4;31;8;68;2098840.03;1557503.81
12454;Pengeluaran;2013;4;31;8;69;2633866.99;2003080.45
12455;Pengeluaran;2013;4;31;9;56;3641423.01;2783102.63
12456;Pengeluaran;2013;4;31;9;57;333388.85;235003.98
12457;Pengeluaran;2013;4;31;9;58;642997.51;486678.76
12458;Pengeluaran;2013;4;31;9;59;557892.47;408190.76
12459;Pengeluaran;2013;4;31;9;60;871509.89;685271.73
12460;Pengeluaran;2013;4;31;9;61;203206.85;155744.41
12461;Pengeluaran;2013;4;31;9;62;328677.12;229906.78
12462;Pengeluaran;2013;4;31;9;63;138322.72;111991.68
12463;Pengeluaran;2013;4;31;9;64;983907.43;778808.91
12464;Pengeluaran;2013;4;31;9;65;1853558.56;1377549.5
12465;Pengeluaran;2013;4;31;9;66;966087.54;781698.97
12466;Pengeluaran;2013;4;31;9;67;-138477.79;-96321.38
12467;Pengeluaran;2013;4;31;9;68;10712777.49;7467351.2
12468;Pengeluaran;2013;4;31;9;69;7633196.74;5338154.18
12469;Pengeluaran;2013;4;31;10;56;3369868.19;2723629.14
12470;Pengeluaran;2013;4;31;10;57;179938.13;129403
12471;Pengeluaran;2013;4;31;10;58;321452.59;244808.93
12472;Pengeluaran;2013;4;31;10;59;374842.35;284618.1
12473;Pengeluaran;2013;4;31;10;60;1099108.52;875404.28
12474;Pengeluaran;2013;4;31;10;61;398763.86;298896.05
12475;Pengeluaran;2013;4;31;10;62;364217.91;271740.6
12476;Pengeluaran;2013;4;31;10;63;136232.03;104190.28
12477;Pengeluaran;2013;4;31;10;64;1009816.27;748086.25
12478;Pengeluaran;2013;4;31;10;65;1861794.35;1493719.84
12479;Pengeluaran;2013;4;31;10;66;250403.17;199680.35
12480;Pengeluaran;2013;4;31;10;67;-185409.23;-142544.3
12481;Pengeluaran;2013;4;31;10;68;13345583.01;10190046.35
12482;Pengeluaran;2013;4;31;10;69;6556487.17;5001915.48
12483;Pengeluaran;2013;4;31;11;56;1469381.76;1158487.39
12484;Pengeluaran;2013;4;31;11;57;84882.75;61817.22
12485;Pengeluaran;2013;4;31;11;58;230048.26;174138.33
12486;Pengeluaran;2013;4;31;11;59;227467.81;169700.52
12487;Pengeluaran;2013;4;31;11;60;503495.25;368394.32
12488;Pengeluaran;2013;4;31;11;61;70392.46;55589.81
12489;Pengeluaran;2013;4;31;11;62;119037.18;93213.84
12490;Pengeluaran;2013;4;31;11;63;24929.54;19366.22
12491;Pengeluaran;2013;4;31;11;64;619752.95;495775.53
12492;Pengeluaran;2013;4;31;11;65;1602113.03;1295609.79
12493;Pengeluaran;2013;4;31;11;66;257793.14;214734.22
12494;Pengeluaran;2013;4;31;11;67;22619.14;18129.57
12495;Pengeluaran;2013;4;31;11;68;1259577.16;871193.85
12496;Pengeluaran;2013;4;31;11;69;2057961.46;1521365.81
12497;Pengeluaran;2013;4;31;12;56;6645274.24;4858109.5
12498;Pengeluaran;2013;4;31;12;57;387470.37;318696.3
12499;Pengeluaran;2013;4;31;12;58;651684.78;536656.35
12500;Pengeluaran;2013;4;31;12;59;958513.58;738111.63
12501;Pengeluaran;2013;4;31;12;60;2207059.58;1652304.55
12502;Pengeluaran;2013;4;31;12;61;507953.25;389791.32
12503;Pengeluaran;2013;4;31;12;62;452260.77;331328.5
12504;Pengeluaran;2013;4;31;12;63;213561.7;167431.68
12505;Pengeluaran;2013;4;31;12;64;2074505.23;1443767.96
12506;Pengeluaran;2013;4;31;12;65;5076968.76;3748876.34
12507;Pengeluaran;2013;4;31;12;66;1555661.47;1348752.02
12508;Pengeluaran;2013;4;31;12;67;194617.32;160004.02
12509;Pengeluaran;2013;4;31;12;68;6213369.52;4434601.81
12510;Pengeluaran;2013;4;31;12;69;7271955.31;5307056.01
12511;Pengeluaran;2013;4;31;13;56;1834559.87;1488979.07
12512;Pengeluaran;2013;4;31;13;57;128749.34;91535.95
12513;Pengeluaran;2013;4;31;13;58;351983.36;274064.12
12514;Pengeluaran;2013;4;31;13;59;309619.51;243431.09
12515;Pengeluaran;2013;4;31;13;60;825987;629085.41
12516;Pengeluaran;2013;4;31;13;61;163934.73;118677.42
12517;Pengeluaran;2013;4;31;13;62;130109.92;99962.94
12518;Pengeluaran;2013;4;31;13;63;69655.23;56396.81
12519;Pengeluaran;2013;4;31;13;64;766885.76;577323.49
12520;Pengeluaran;2013;4;31;13;65;2146609.51;1674264.12
12521;Pengeluaran;2013;4;31;13;66;209534.67;169617.76
12522;Pengeluaran;2013;4;31;13;67;39684.04;29706.9
12523;Pengeluaran;2013;4;31;13;68;1490515.88;1182428.01
12524;Pengeluaran;2013;4;31;13;69;2294900.24;1753278.34
12525;Pengeluaran;2013;4;31;14;56;3804606.81;3005219.45
12526;Pengeluaran;2013;4;31;14;57;397560.82;277426.08
12527;Pengeluaran;2013;4;31;14;58;725106.91;545239.05
12528;Pengeluaran;2013;4;31;14;59;826561.5;590458.46
12529;Pengeluaran;2013;4;31;14;60;1719611.76;1269185.03
12530;Pengeluaran;2013;4;31;14;61;380251.81;283369.63
12531;Pengeluaran;2013;4;31;14;62;288485.02;222512.32
12532;Pengeluaran;2013;4;31;14;63;141138.05;105990.64
12533;Pengeluaran;2013;4;31;14;64;1091018.12;840868.08
12534;Pengeluaran;2013;4;31;14;65;2874510.64;2107689.44
12535;Pengeluaran;2013;4;31;14;66;1193330.25;1010068.86
12536;Pengeluaran;2013;4;31;14;67;295637.43;181576.24
12537;Pengeluaran;2013;4;31;14;68;5038401.05;3748256.14
12538;Pengeluaran;2013;4;31;14;69;5120842.14;3846777.25
12539;Pengeluaran;2013;4;31;15;56;2816069.08;2221325.97
12540;Pengeluaran;2013;4;31;15;57;135370.78;99425.1
12541;Pengeluaran;2013;4;31;15;58;320457.66;263020.95
12542;Pengeluaran;2013;4;31;15;59;423132.53;325702.29
12543;Pengeluaran;2013;4;31;15;60;761205.67;602730.93
12544;Pengeluaran;2013;4;31;15;61;173071.43;139242.18
12545;Pengeluaran;2013;4;31;15;62;141199.4;112553.06
12546;Pengeluaran;2013;4;31;15;63;117057.75;94837.66
12547;Pengeluaran;2013;4;31;15;64;882376.54;659298.58
12548;Pengeluaran;2013;4;31;15;65;2560077.75;1913759.6
12549;Pengeluaran;2013;4;31;15;66;529053.61;420644.42
12550;Pengeluaran;2013;4;31;15;67;-124073.33;-92118.08
12551;Pengeluaran;2013;4;31;15;68;2357605.73;1637802.04
12552;Pengeluaran;2013;4;31;15;69;3045123;2288023.04
12553;Pengeluaran;2013;4;31;16;56;3485145.11;2806536.8
12554;Pengeluaran;2013;4;31;16;57;310405.21;201671.68
12555;Pengeluaran;2013;4;31;16;58;655882;472664.38
12556;Pengeluaran;2013;4;31;16;59;676797.02;476730.99
12557;Pengeluaran;2013;4;31;16;60;1085368.66;881227.55
12558;Pengeluaran;2013;4;31;16;61;213349.61;157103.51
12559;Pengeluaran;2013;4;31;16;62;133798.99;101269.46
12560;Pengeluaran;2013;4;31;16;63;80129.53;60712.33
12561;Pengeluaran;2013;4;31;16;64;931993.68;686099.22
12562;Pengeluaran;2013;4;31;16;65;2643909.41;2087794.6
12563;Pengeluaran;2013;4;31;16;66;1431972.28;1093464.95
12564;Pengeluaran;2013;4;31;16;67;124888.75;94189.11
12565;Pengeluaran;2013;4;31;16;68;3653125.16;2903978.64
12566;Pengeluaran;2013;4;31;16;69;4059886.6;3082958.6
12567;Pengeluaran;2012;1;32;1;56;59715732.71;39495927.64
12568;Pengeluaran;2012;1;32;1;57;4294464.21;2682124.85
12569;Pengeluaran;2012;1;32;1;58;9096990.17;6086257.39
12570;Pengeluaran;2012;1;32;1;59;9870619.92;6401112.56
12571;Pengeluaran;2012;1;32;1;60;18995418.42;13155210.21
12572;Pengeluaran;2012;1;32;1;61;3847449.46;2532864.9
12573;Pengeluaran;2012;1;32;1;62;4305943.6;2740482.71
12574;Pengeluaran;2012;1;32;1;63;2201796.51;1432057.33
12575;Pengeluaran;2012;1;32;1;64;18805792.64;12218806.58
12576;Pengeluaran;2012;1;32;1;65;50053007.48;33236429.71
12577;Pengeluaran;2012;1;32;1;66;13494783.55;9598554.28
12578;Pengeluaran;2012;1;32;1;67;1575611.12;1117556.49
12579;Pengeluaran;2012;1;32;1;68;88717743.9;57322979.01
12580;Pengeluaran;2012;1;32;1;69;83185013.76;53039416.48
12581;Pengeluaran;2012;1;32;2;56;1625815.97;1019391.74
12582;Pengeluaran;2012;1;32;2;57;110754.93;65175.53
12583;Pengeluaran;2012;1;32;2;58;246903.67;148832.61
12584;Pengeluaran;2012;1;32;2;59;248838.21;148901.05
12585;Pengeluaran;2012;1;32;2;60;404200.46;269458.92
12586;Pengeluaran;2012;1;32;2;61;63858.29;38552.2
12587;Pengeluaran;2012;1;32;2;62;116475.98;68897.78
12588;Pengeluaran;2012;1;32;2;63;47753.94;29157.39
12589;Pengeluaran;2012;1;32;2;64;767962.01;582733.3
12590;Pengeluaran;2012;1;32;2;65;2115333.54;1322834.58
12591;Pengeluaran;2012;1;32;2;66;165000.32;115260.65
12592;Pengeluaran;2012;1;32;2;67;-24698.6;-14091.49
12593;Pengeluaran;2012;1;32;2;68;1895915.13;915704.26
12594;Pengeluaran;2012;1;32;2;69;2507370.33;1563419.93
12595;Pengeluaran;2012;1;32;3;56;3998330.53;2541061.86
12596;Pengeluaran;2012;1;32;3;57;268442.7;168160.89
12597;Pengeluaran;2012;1;32;3;58;771203.18;454772.21
12598;Pengeluaran;2012;1;32;3;59;668019.78;391172
12599;Pengeluaran;2012;1;32;3;60;1154605.56;799195.94
12600;Pengeluaran;2012;1;32;3;61;159392.52;102267.08
12601;Pengeluaran;2012;1;32;3;62;317686.77;209983.81
12602;Pengeluaran;2012;1;32;3;63;104325.58;68265.77
12603;Pengeluaran;2012;1;32;3;64;1388412.97;900527.72
12604;Pengeluaran;2012;1;32;3;65;2629012.75;1707050.41
12605;Pengeluaran;2012;1;32;3;66;451332.92;314398.12
12606;Pengeluaran;2012;1;32;3;67;206517.44;126610.44
12607;Pengeluaran;2012;1;32;3;68;4356138.48;2515181.83
12608;Pengeluaran;2012;1;32;3;69;4298565.96;2563937.79
12609;Pengeluaran;2012;1;32;4;56;1965318.93;1299398.89
12610;Pengeluaran;2012;1;32;4;57;162398.91;101000.33
12611;Pengeluaran;2012;1;32;4;58;417753.59;300153.34
12612;Pengeluaran;2012;1;32;4;59;426063.32;271920.67
12613;Pengeluaran;2012;1;32;4;60;684927.79;447389.22
12614;Pengeluaran;2012;1;32;4;61;86574.99;55772.99
12615;Pengeluaran;2012;1;32;4;62;168049.16;106309.51
12616;Pengeluaran;2012;1;32;4;63;116193.54;72773.11
12617;Pengeluaran;2012;1;32;4;64;875098.13;550345.67
12618;Pengeluaran;2012;1;32;4;65;3042872.24;2032870.11
12619;Pengeluaran;2012;1;32;4;66;491642.25;345111.15
12620;Pengeluaran;2012;1;32;4;67;36639.81;20027.3
12621;Pengeluaran;2012;1;32;4;68;1635409.21;995477.57
12622;Pengeluaran;2012;1;32;4;69;3157865.36;1904190.99
12623;Pengeluaran;2012;1;32;5;56;3165755.89;1942163.93
12624;Pengeluaran;2012;1;32;5;57;193486;124287.82
12625;Pengeluaran;2012;1;32;5;58;389628.12;281377.63
12626;Pengeluaran;2012;1;32;5;59;415248.4;283164.56
12627;Pengeluaran;2012;1;32;5;60;980434.8;700567.95
12628;Pengeluaran;2012;1;32;5;61;119308;74172.7
12629;Pengeluaran;2012;1;32;5;62;240596.84;151492.69
12630;Pengeluaran;2012;1;32;5;63;160041.34;101525.16
12631;Pengeluaran;2012;1;32;5;64;1002432.52;690246.59
12632;Pengeluaran;2012;1;32;5;65;2396467.65;1597285.67
12633;Pengeluaran;2012;1;32;5;66;633949.84;438038.01
12634;Pengeluaran;2012;1;32;5;67;70131.69;30931.61
12635;Pengeluaran;2012;1;32;5;68;2360098.09;1792305.86
12636;Pengeluaran;2012;1;32;5;69;3482556.26;2240383.78
12637;Pengeluaran;2012;1;32;6;56;2986335.87;2010534.79
12638;Pengeluaran;2012;1;32;6;57;248557.81;158251.91
12639;Pengeluaran;2012;1;32;6;58;429630.51;286069.88
12640;Pengeluaran;2012;1;32;6;59;427799.99;291863.65
12641;Pengeluaran;2012;1;32;6;60;886120.27;593001.53
12642;Pengeluaran;2012;1;32;6;61;159933.65;104491.79
12643;Pengeluaran;2012;1;32;6;62;120225.1;80221.55
12644;Pengeluaran;2012;1;32;6;63;135864.94;85320.94
12645;Pengeluaran;2012;1;32;6;64;1069928.39;628904.05
12646;Pengeluaran;2012;1;32;6;65;1515840.41;1022090.13
12647;Pengeluaran;2012;1;32;6;66;348999.23;248539.65
12648;Pengeluaran;2012;1;32;6;67;19708.17;11483.17
12649;Pengeluaran;2012;1;32;6;68;2662091.8;1746045.45
12650;Pengeluaran;2012;1;32;6;69;2434496.1;1462244.77
12651;Pengeluaran;2012;1;32;7;56;5682243.55;3913619.5
12652;Pengeluaran;2012;1;32;7;57;416694.73;264179.89
12653;Pengeluaran;2012;1;32;7;58;1022902.63;772885.16
12654;Pengeluaran;2012;1;32;7;59;1304497.75;855647.44
12655;Pengeluaran;2012;1;32;7;60;1797859.48;1219101.24
12656;Pengeluaran;2012;1;32;7;61;208806.72;143317.32
12657;Pengeluaran;2012;1;32;7;62;275648.29;187480.23
12658;Pengeluaran;2012;1;32;7;63;235815.5;152218.19
12659;Pengeluaran;2012;1;32;7;64;1939722.17;1267491.33
12660;Pengeluaran;2012;1;32;7;65;4231514.84;2966560.19
12661;Pengeluaran;2012;1;32;7;66;1270266.08;918280
12662;Pengeluaran;2012;1;32;7;67;-200569.85;-146238.43
12663;Pengeluaran;2012;1;32;7;68;5402828.55;3891625.48
12664;Pengeluaran;2012;1;32;7;69;6316847.86;4428867.92
12665;Pengeluaran;2012;1;32;8;56;2958237.68;1988732.57
12666;Pengeluaran;2012;1;32;8;57;175368.64;108770.68
12667;Pengeluaran;2012;1;32;8;58;372159.38;252846.2
12668;Pengeluaran;2012;1;32;8;59;408759.29;271520.83
12669;Pengeluaran;2012;1;32;8;60;955784.01;708272.32
12670;Pengeluaran;2012;1;32;8;61;107347.25;72163.2
12671;Pengeluaran;2012;1;32;8;62;233824.55;146550.45
12672;Pengeluaran;2012;1;32;8;63;93859.48;61606.38
12673;Pengeluaran;2012;1;32;8;64;945159.36;609510.49
12674;Pengeluaran;2012;1;32;8;65;2998809.16;2024552.42
12675;Pengeluaran;2012;1;32;8;66;654797.4;467051.27
12676;Pengeluaran;2012;1;32;8;67;-34278.22;-21240.85
12677;Pengeluaran;2012;1;32;8;68;3048323.16;1972679.58
12678;Pengeluaran;2012;1;32;8;69;3728238.65;2444300.05
12679;Pengeluaran;2012;1;32;9;56;4934786.07;3284337.98
12680;Pengeluaran;2012;1;32;9;57;469385.76;287829.22
12681;Pengeluaran;2012;1;32;9;58;926114.26;600585.25
12682;Pengeluaran;2012;1;32;9;59;791012.62;510043.27
12683;Pengeluaran;2012;1;32;9;60;1217302.2;823316.16
12684;Pengeluaran;2012;1;32;9;61;284634.86;187059.23
12685;Pengeluaran;2012;1;32;9;62;504283.38;287492.49
12686;Pengeluaran;2012;1;32;9;63;197019.99;133593.47
12687;Pengeluaran;2012;1;32;9;64;1317806.82;896083.01
12688;Pengeluaran;2012;1;32;9;65;2844554.02;1724376.09
12689;Pengeluaran;2012;1;32;9;66;1437468.36;1015624.6
12690;Pengeluaran;2012;1;32;9;67;186827.29;118444.53
12691;Pengeluaran;2012;1;32;9;68;16028945.75;9529615.08
12692;Pengeluaran;2012;1;32;9;69;11688762.06;6630081.98
12693;Pengeluaran;2012;1;32;10;56;4902762.25;3309424.98
12694;Pengeluaran;2012;1;32;10;57;242905.56;149876.09
12695;Pengeluaran;2012;1;32;10;58;431387.55;288134.01
12696;Pengeluaran;2012;1;32;10;59;509137.94;338266.83
12697;Pengeluaran;2012;1;32;10;60;1430723.61;1058891.89
12698;Pengeluaran;2012;1;32;10;61;527215.5;351039.15
12699;Pengeluaran;2012;1;32;10;62;487015.37;310031.37
12700;Pengeluaran;2012;1;32;10;63;189225.2;126969.66
12701;Pengeluaran;2012;1;32;10;64;1162142.59;774890.27
12702;Pengeluaran;2012;1;32;10;65;2647172.37;1888200.72
12703;Pengeluaran;2012;1;32;10;66;328079.01;238193.31
12704;Pengeluaran;2012;1;32;10;67;372673.17;234119.43
12705;Pengeluaran;2012;1;32;10;68;18500178.32;12760597.08
12706;Pengeluaran;2012;1;32;10;69;9420900.22;6395130.31
12707;Pengeluaran;2012;1;32;11;56;1937931.52;1352302.23
12708;Pengeluaran;2012;1;32;11;57;125618.51;72920.91
12709;Pengeluaran;2012;1;32;11;58;326223.29;201569.09
12710;Pengeluaran;2012;1;32;11;59;337038.59;204938.97
12711;Pengeluaran;2012;1;32;11;60;684129.22;429955.64
12712;Pengeluaran;2012;1;32;11;61;92971.62;65821.93
12713;Pengeluaran;2012;1;32;11;62;156723.24;109862.92
12714;Pengeluaran;2012;1;32;11;63;32076.86;22834.49
12715;Pengeluaran;2012;1;32;11;64;799316.38;567792.13
12716;Pengeluaran;2012;1;32;11;65;2318560.86;1732518.16
12717;Pengeluaran;2012;1;32;11;66;346741.59;260663.98
12718;Pengeluaran;2012;1;32;11;67;19212.23;11491.94
12719;Pengeluaran;2012;1;32;11;68;1581486.24;949845.42
12720;Pengeluaran;2012;1;32;11;69;2787929.02;1812533.99
12721;Pengeluaran;2012;1;32;12;56;9546745.32;5738002.5
12722;Pengeluaran;2012;1;32;12;57;512502.26;379954.33
12723;Pengeluaran;2012;1;32;12;58;850271.33;632525.21
12724;Pengeluaran;2012;1;32;12;59;1304166.05;885970.75
12725;Pengeluaran;2012;1;32;12;60;2928975.38;1995454.22
12726;Pengeluaran;2012;1;32;12;61;702535.28;463069.05
12727;Pengeluaran;2012;1;32;12;62;667456.95;406676.52
12728;Pengeluaran;2012;1;32;12;63;287876.97;186413.07
12729;Pengeluaran;2012;1;32;12;64;2700793.22;1582946.12
12730;Pengeluaran;2012;1;32;12;65;7504648.81;4785723.74
12731;Pengeluaran;2012;1;32;12;66;2249266.65;1672350.13
12732;Pengeluaran;2012;1;32;12;67;245052.97;285110.04
12733;Pengeluaran;2012;1;32;12;68;10490269.57;6479999.4
12734;Pengeluaran;2012;1;32;12;69;10585164.47;6520141.97
12735;Pengeluaran;2012;1;32;13;56;2409043.8;1684151.97
12736;Pengeluaran;2012;1;32;13;57;171471.89;104559.43
12737;Pengeluaran;2012;1;32;13;58;487476.7;326374.79
12738;Pengeluaran;2012;1;32;13;59;399010.35;270240.04
12739;Pengeluaran;2012;1;32;13;60;994490.1;693457.97
12740;Pengeluaran;2012;1;32;13;61;225896.5;142165.38
12741;Pengeluaran;2012;1;32;13;62;177178.71;118704.61
12742;Pengeluaran;2012;1;32;13;63;98942.87;66126.1
12743;Pengeluaran;2012;1;32;13;64;911040.66;598940.83
12744;Pengeluaran;2012;1;32;13;65;3180196.53;2124548.36
12745;Pengeluaran;2012;1;32;13;66;311726.22;213974.38
12746;Pengeluaran;2012;1;32;13;67;54324.4;45050.4
12747;Pengeluaran;2012;1;32;13;68;2597713.97;1667353.16
12748;Pengeluaran;2012;1;32;13;69;3071405.66;2043539.71
12749;Pengeluaran;2012;1;32;14;56;5192127.92;3594113.68
12750;Pengeluaran;2012;1;32;14;57;569147.42;337521.39
12751;Pengeluaran;2012;1;32;14;58;1039857.4;662813.75
12752;Pengeluaran;2012;1;32;14;59;1111448.27;698277.96
12753;Pengeluaran;2012;1;32;14;60;2339231.71;1562870.8
12754;Pengeluaran;2012;1;32;14;61;535141.76;350973.33
12755;Pengeluaran;2012;1;32;14;62;395539.56;267815.89
12756;Pengeluaran;2012;1;32;14;63;193295.35;124736.17
12757;Pengeluaran;2012;1;32;14;64;1311902.71;904948.66
12758;Pengeluaran;2012;1;32;14;65;3894543.38;2539970.78
12759;Pengeluaran;2012;1;32;14;66;1583948.02;1170318.75
12760;Pengeluaran;2012;1;32;14;67;293401.48;160396.57
12761;Pengeluaran;2012;1;32;14;68;5849876.61;4297385.81
12762;Pengeluaran;2012;1;32;14;69;6411743.85;4443107.53
12763;Pengeluaran;2012;1;32;15;56;4005753.06;2704515.81
12764;Pengeluaran;2012;1;32;15;57;186511.18;120802.93
12765;Pengeluaran;2012;1;32;15;58;468546.8;316737.39
12766;Pengeluaran;2012;1;32;15;59;583576.42;398761.97
12767;Pengeluaran;2012;1;32;15;60;1016205.34;723126.5
12768;Pengeluaran;2012;1;32;15;61;248386.83;171532.76
12769;Pengeluaran;2012;1;32;15;62;203502.55;136366.13
12770;Pengeluaran;2012;1;32;15;63;170481.31;112888.6
12771;Pengeluaran;2012;1;32;15;64;1110638.44;699619.19
12772;Pengeluaran;2012;1;32;15;65;3776163.93;2391759.7
12773;Pengeluaran;2012;1;32;15;66;753977.19;546696.48
12774;Pengeluaran;2012;1;32;15;67;129983.52;95300.56
12775;Pengeluaran;2012;1;32;15;68;3813377.27;2118854.15
12776;Pengeluaran;2012;1;32;15;69;4511726.01;2843499.02
12777;Pengeluaran;2012;1;32;16;56;4886122.84;3432690.76
12778;Pengeluaran;2012;1;32;16;57;462798.14;252311.52
12779;Pengeluaran;2012;1;32;16;58;935162.21;572777.78
12780;Pengeluaran;2012;1;32;16;59;926142.19;574027.86
12781;Pengeluaran;2012;1;32;16;60;1444749.54;1078738.72
12782;Pengeluaran;2012;1;32;16;61;298700.76;192859.99
12783;Pengeluaran;2012;1;32;16;62;199104.05;125463.27
12784;Pengeluaran;2012;1;32;16;63;110767.62;69251
12785;Pengeluaran;2012;1;32;16;64;1207282.06;771405.07
12786;Pengeluaran;2012;1;32;16;65;3879854.99;2660627.35
12787;Pengeluaran;2012;1;32;16;66;2138447.41;1399942.72
12788;Pengeluaran;2012;1;32;16;67;157770.15;129721.99
12789;Pengeluaran;2012;1;32;16;68;5577873.87;3805414.02
12790;Pengeluaran;2012;1;32;16;69;5813413.5;3851598.55
12791;Pengeluaran;2012;2;33;1;56;65379847.68;41848266.98
12792;Pengeluaran;2012;2;33;1;57;4717905.49;2821044.17
12793;Pengeluaran;2012;2;33;1;58;9897958.68;6407442.18
12794;Pengeluaran;2012;2;33;1;59;11176925.04;6817943.39
12795;Pengeluaran;2012;2;33;1;60;20862942.35;14014454.63
12796;Pengeluaran;2012;2;33;1;61;4204550.56;2667104.64
12797;Pengeluaran;2012;2;33;1;62;4690135.71;2876729.26
12798;Pengeluaran;2012;2;33;1;63;2579194.13;1607943.3
12799;Pengeluaran;2012;2;33;1;64;21026398.25;12978698.08
12800;Pengeluaran;2012;2;33;1;65;56102542.44;36117585.74
12801;Pengeluaran;2012;2;33;1;66;13825850.09;9504646.72
12802;Pengeluaran;2012;2;33;1;67;824932.1;806277.29
12803;Pengeluaran;2012;2;33;1;68;92125407.52;61486001.85
12804;Pengeluaran;2012;2;33;1;69;86403124.84;56522856.01
12805;Pengeluaran;2012;2;33;2;56;1719882.86;1053892.13
12806;Pengeluaran;2012;2;33;2;57;119677.28;68078.98
12807;Pengeluaran;2012;2;33;2;58;263219.33;155353.56
12808;Pengeluaran;2012;2;33;2;59;269432.26;154499.19
12809;Pengeluaran;2012;2;33;2;60;449742.54;289546.58
12810;Pengeluaran;2012;2;33;2;61;71242.25;40341.82
12811;Pengeluaran;2012;2;33;2;62;127210.17;71833.38
12812;Pengeluaran;2012;2;33;2;63;54702.97;31875.82
12813;Pengeluaran;2012;2;33;2;64;890413.18;625495.57
12814;Pengeluaran;2012;2;33;2;65;2412151.08;1457249.93
12815;Pengeluaran;2012;2;33;2;66;168273.23;112894.41
12816;Pengeluaran;2012;2;33;2;67;-14907.77;-8919.76
12817;Pengeluaran;2012;2;33;2;68;1797664.18;928112
12818;Pengeluaran;2012;2;33;2;69;2471425.6;1557584.05
12819;Pengeluaran;2012;2;33;3;56;4443663.87;2742704.34
12820;Pengeluaran;2012;2;33;3;57;307067.24;176524.1
12821;Pengeluaran;2012;2;33;3;58;854899.28;480415.38
12822;Pengeluaran;2012;2;33;3;59;748154.35;418995.44
12823;Pengeluaran;2012;2;33;3;60;1251957.71;852279.85
12824;Pengeluaran;2012;2;33;3;61;175229.18;107354.5
12825;Pengeluaran;2012;2;33;3;62;345734.6;220183.48
12826;Pengeluaran;2012;2;33;3;63;117901.4;74513.74
12827;Pengeluaran;2012;2;33;3;64;1568230.53;956543.55
12828;Pengeluaran;2012;2;33;3;65;3066011.27;1860383.58
12829;Pengeluaran;2012;2;33;3;66;464466.22;310686.09
12830;Pengeluaran;2012;2;33;3;67;172041.82;118073.64
12831;Pengeluaran;2012;2;33;3;68;4479861.48;2717437.28
12832;Pengeluaran;2012;2;33;3;69;4796301.65;2914767.34
12833;Pengeluaran;2012;2;33;4;56;2139540.42;1365762.58
12834;Pengeluaran;2012;2;33;4;57;175458.53;103544.93
12835;Pengeluaran;2012;2;33;4;58;446325.54;307403.01
12836;Pengeluaran;2012;2;33;4;59;480443.59;290855.35
12837;Pengeluaran;2012;2;33;4;60;778022.1;482677.66
12838;Pengeluaran;2012;2;33;4;61;96685.07;58449.15
12839;Pengeluaran;2012;2;33;4;62;182167.15;111698.39
12840;Pengeluaran;2012;2;33;4;63;134190.53;80427.77
12841;Pengeluaran;2012;2;33;4;64;987836.85;580467.03
12842;Pengeluaran;2012;2;33;4;65;3454714.84;2205822.28
12843;Pengeluaran;2012;2;33;4;66;529312.94;358042.07
12844;Pengeluaran;2012;2;33;4;67;17063.83;13356.36
12845;Pengeluaran;2012;2;33;4;68;1784618.66;1142028.28
12846;Pengeluaran;2012;2;33;4;69;3436878.22;2024698.33
12847;Pengeluaran;2012;2;33;5;56;3467148.48;2058026.61
12848;Pengeluaran;2012;2;33;5;57;211349.61;129954.85
12849;Pengeluaran;2012;2;33;5;58;427747.84;299121.69
12850;Pengeluaran;2012;2;33;5;59;467312.24;301377.32
12851;Pengeluaran;2012;2;33;5;60;1093341.07;747405.39
12852;Pengeluaran;2012;2;33;5;61;130680.66;77551.33
12853;Pengeluaran;2012;2;33;5;62;268061.39;159884.65
12854;Pengeluaran;2012;2;33;5;63;183771.41;111950.95
12855;Pengeluaran;2012;2;33;5;64;1123066.85;733450.94
12856;Pengeluaran;2012;2;33;5;65;2824489.15;1846684.85
12857;Pengeluaran;2012;2;33;5;66;671593.9;446467.65
12858;Pengeluaran;2012;2;33;5;67;17855.86;6401.78
12859;Pengeluaran;2012;2;33;5;68;2420233.93;1889269.76
12860;Pengeluaran;2012;2;33;5;69;3889740.66;2468807.14
12861;Pengeluaran;2012;2;33;6;56;3204938.08;2142808.27
12862;Pengeluaran;2012;2;33;6;57;261431.71;166141.73
12863;Pengeluaran;2012;2;33;6;58;465129.21;298184.25
12864;Pengeluaran;2012;2;33;6;59;482193.87;317515.7
12865;Pengeluaran;2012;2;33;6;60;937709.25;616430.07
12866;Pengeluaran;2012;2;33;6;61;170306.42;108369.18
12867;Pengeluaran;2012;2;33;6;62;132107.41;85638.41
12868;Pengeluaran;2012;2;33;6;63;157958.55;94931.35
12869;Pengeluaran;2012;2;33;6;64;1131288.13;655859.71
12870;Pengeluaran;2012;2;33;6;65;1658312.31;1097144.95
12871;Pengeluaran;2012;2;33;6;66;360716.95;251310.8
12872;Pengeluaran;2012;2;33;6;67;-114822.09;-26982.45
12873;Pengeluaran;2012;2;33;6;68;2806798.14;1829333.97
12874;Pengeluaran;2012;2;33;6;69;2329245.95;1446011.83
12875;Pengeluaran;2012;2;33;7;56;6137806.06;4103168.83
12876;Pengeluaran;2012;2;33;7;57;448439.61;270319.11
12877;Pengeluaran;2012;2;33;7;58;1092848.44;792795.62
12878;Pengeluaran;2012;2;33;7;59;1486332.07;904378.79
12879;Pengeluaran;2012;2;33;7;60;1960215.66;1287677.67
12880;Pengeluaran;2012;2;33;7;61;225323.49;146141.24
12881;Pengeluaran;2012;2;33;7;62;291250.52;191159.62
12882;Pengeluaran;2012;2;33;7;63;283536.15;176074.05
12883;Pengeluaran;2012;2;33;7;64;2206534.52;1346229.37
12884;Pengeluaran;2012;2;33;7;65;4691846.08;3185738.45
12885;Pengeluaran;2012;2;33;7;66;1296301.05;899977.2
12886;Pengeluaran;2012;2;33;7;67;-201228.15;-91174.53
12887;Pengeluaran;2012;2;33;7;68;5655913.49;4140428.17
12888;Pengeluaran;2012;2;33;7;69;6503136.3;4527105.92
12889;Pengeluaran;2012;2;33;8;56;3230778.75;2123654.18
12890;Pengeluaran;2012;2;33;8;57;190939.22;113517.19
12891;Pengeluaran;2012;2;33;8;58;410069.49;267954.61
12892;Pengeluaran;2012;2;33;8;59;463112.12;288284.11
12893;Pengeluaran;2012;2;33;8;60;1048300.95;752277.02
12894;Pengeluaran;2012;2;33;8;61;118648.13;75484.42
12895;Pengeluaran;2012;2;33;8;62;258024.95;154152.21
12896;Pengeluaran;2012;2;33;8;63;110118.5;69484.6
12897;Pengeluaran;2012;2;33;8;64;1044158.86;642570.77
12898;Pengeluaran;2012;2;33;8;65;3348690.48;2182319.01
12899;Pengeluaran;2012;2;33;8;66;656447.55;445829.31
12900;Pengeluaran;2012;2;33;8;67;-12080.72;-6165.45
12901;Pengeluaran;2012;2;33;8;68;3045054.55;2117768.79
12902;Pengeluaran;2012;2;33;8;69;3749205.5;2545880.56
12903;Pengeluaran;2012;2;33;9;56;5449794.84;3483783.14
12904;Pengeluaran;2012;2;33;9;57;517495.76;303920.87
12905;Pengeluaran;2012;2;33;9;58;1017152.62;633494.14
12906;Pengeluaran;2012;2;33;9;59;897598.44;547324.8
12907;Pengeluaran;2012;2;33;9;60;1370622.47;886209.02
12908;Pengeluaran;2012;2;33;9;61;313514.68;195173.13
12909;Pengeluaran;2012;2;33;9;62;544730.13;302402.12
12910;Pengeluaran;2012;2;33;9;63;229011.98;148575.79
12911;Pengeluaran;2012;2;33;9;64;1451171.76;952726.32
12912;Pengeluaran;2012;2;33;9;65;3159074.4;1897129.2
12913;Pengeluaran;2012;2;33;9;66;1398961.25;975383.26
12914;Pengeluaran;2012;2;33;9;67;64601.14;44216.12
12915;Pengeluaran;2012;2;33;9;68;16094269.98;10168071.95
12916;Pengeluaran;2012;2;33;9;69;11196667.36;6979671.78
12917;Pengeluaran;2012;2;33;10;56;5640411.08;3576055.26
12918;Pengeluaran;2012;2;33;10;57;273749.99;162823.07
12919;Pengeluaran;2012;2;33;10;58;465219.81;307327.29
12920;Pengeluaran;2012;2;33;10;59;575827.67;361168.43
12921;Pengeluaran;2012;2;33;10;60;1512665.81;1104953.69
12922;Pengeluaran;2012;2;33;10;61;559863.77;369375.4
12923;Pengeluaran;2012;2;33;10;62;528525.91;321350.78
12924;Pengeluaran;2012;2;33;10;63;210794.15;136722.8
12925;Pengeluaran;2012;2;33;10;64;1228204.15;803841.02
12926;Pengeluaran;2012;2;33;10;65;3078534.19;2087652.28
12927;Pengeluaran;2012;2;33;10;66;339321.38;238144.89
12928;Pengeluaran;2012;2;33;10;67;224897.96;190623.56
12929;Pengeluaran;2012;2;33;10;68;19097313.9;13334800.64
12930;Pengeluaran;2012;2;33;10;69;9790436.51;6825932.87
12931;Pengeluaran;2012;2;33;11;56;2146838.69;1431917.87
12932;Pengeluaran;2012;2;33;11;57;141318.64;76964.86
12933;Pengeluaran;2012;2;33;11;58;362225.6;211989.8
12934;Pengeluaran;2012;2;33;11;59;386406.95;217242.43
12935;Pengeluaran;2012;2;33;11;60;747740.07;449034.93
12936;Pengeluaran;2012;2;33;11;61;104316.44;68771.21
12937;Pengeluaran;2012;2;33;11;62;170496.27;113623.66
12938;Pengeluaran;2012;2;33;11;63;37285.43;25276.16
12939;Pengeluaran;2012;2;33;11;64;912682.8;599199.29
12940;Pengeluaran;2012;2;33;11;65;2645133;1896141.28
12941;Pengeluaran;2012;2;33;11;66;358523.71;256287.52
12942;Pengeluaran;2012;2;33;11;67;4957.79;3791.1
12943;Pengeluaran;2012;2;33;11;68;1560634.39;965602.49
12944;Pengeluaran;2012;2;33;11;69;2964458.01;1849301.44
12945;Pengeluaran;2012;2;33;12;56;10593493.53;6240754.49
12946;Pengeluaran;2012;2;33;12;57;571606.62;402430.72
12947;Pengeluaran;2012;2;33;12;58;935001.81;668026.85
12948;Pengeluaran;2012;2;33;12;59;1543709.13;973352.14
12949;Pengeluaran;2012;2;33;12;60;3292039.33;2171386.67
12950;Pengeluaran;2012;2;33;12;61;789080.57;490177.95
12951;Pengeluaran;2012;2;33;12;62;732546.4;431005.42
12952;Pengeluaran;2012;2;33;12;63;357164.07;221652.48
12953;Pengeluaran;2012;2;33;12;64;3111878.63;1734627.62
12954;Pengeluaran;2012;2;33;12;65;8392039.13;5253782.16
12955;Pengeluaran;2012;2;33;12;66;2351656.09;1699978.62
12956;Pengeluaran;2012;2;33;12;67;75038.81;82587.5
12957;Pengeluaran;2012;2;33;12;68;10355950.7;6724276.2
12958;Pengeluaran;2012;2;33;12;69;9980678.19;6433969.52
12959;Pengeluaran;2012;2;33;13;56;2650982.37;1787601.59
12960;Pengeluaran;2012;2;33;13;57;184810.24;110516.14
12961;Pengeluaran;2012;2;33;13;58;529110.55;348921.47
12962;Pengeluaran;2012;2;33;13;59;432040.86;282847.86
12963;Pengeluaran;2012;2;33;13;60;1099680.8;738696.72
12964;Pengeluaran;2012;2;33;13;61;232747.65;146973.47
12965;Pengeluaran;2012;2;33;13;62;181928.48;121694.08
12966;Pengeluaran;2012;2;33;13;63;112648.34;71356.63
12967;Pengeluaran;2012;2;33;13;64;976169.8;615255.25
12968;Pengeluaran;2012;2;33;13;65;3626197.78;2279637.75
12969;Pengeluaran;2012;2;33;13;66;324280.36;208871.39
12970;Pengeluaran;2012;2;33;13;67;49943.23;36352.34
12971;Pengeluaran;2012;2;33;13;68;2929152.58;2025159.23
12972;Pengeluaran;2012;2;33;13;69;3323754.73;2279491.48
12973;Pengeluaran;2012;2;33;14;56;5393540.64;3574104.19
12974;Pengeluaran;2012;2;33;14;57;620508.2;355997.88
12975;Pengeluaran;2012;2;33;14;58;1128920.11;723031.69
12976;Pengeluaran;2012;2;33;14;59;1215121.36;726885.52
12977;Pengeluaran;2012;2;33;14;60;2499186.89;1628336.28
12978;Pengeluaran;2012;2;33;14;61;590648.69;386663.22
12979;Pengeluaran;2012;2;33;14;62;428247.97;279426.83
12980;Pengeluaran;2012;2;33;14;63;225502.05;139203.7
12981;Pengeluaran;2012;2;33;14;64;1397238.41;937877.09
12982;Pengeluaran;2012;2;33;14;65;4185399.84;2643958.32
12983;Pengeluaran;2012;2;33;14;66;1612191.47;1156386.89
12984;Pengeluaran;2012;2;33;14;67;161842.72;116354.68
12985;Pengeluaran;2012;2;33;14;68;6974593.28;5224595.8
12986;Pengeluaran;2012;2;33;14;69;7723051.19;5535474.3
12987;Pengeluaran;2012;2;33;15;56;4325045.87;2823262.69
12988;Pengeluaran;2012;2;33;15;57;208044.61;128120.73
12989;Pengeluaran;2012;2;33;15;58;510335.76;328743.69
12990;Pengeluaran;2012;2;33;15;59;651441.76;413761.57
12991;Pengeluaran;2012;2;33;15;60;1121147.6;768758.02
12992;Pengeluaran;2012;2;33;15;61;276716.9;179735.26
12993;Pengeluaran;2012;2;33;15;62;227440.43;146474.41
12994;Pengeluaran;2012;2;33;15;63;199508.18;125702.21
12995;Pengeluaran;2012;2;33;15;64;1295298.06;755330.67
12996;Pengeluaran;2012;2;33;15;65;4180960.63;2567733.24
12997;Pengeluaran;2012;2;33;15;66;773825.45;512793.11
12998;Pengeluaran;2012;2;33;15;67;104307.62;74228.86
12999;Pengeluaran;2012;2;33;15;68;3964319.97;2209213.62
13000;Pengeluaran;2012;2;33;15;69;4901022.52;2958830.82
13001;Pengeluaran;2012;2;33;16;56;5363238.98;3678256.84
13002;Pengeluaran;2012;2;33;16;57;509716.3;266365.12
13003;Pengeluaran;2012;2;33;16;58;1009588.88;597519.7
13004;Pengeluaran;2012;2;33;16;59;1066632.62;612643.61
13005;Pengeluaran;2012;2;33;16;60;1617450.81;1182950.58
13006;Pengeluaran;2012;2;33;16;61;320319.4;198003.41
13007;Pengeluaran;2012;2;33;16;62;225226.95;137719.36
13008;Pengeluaran;2012;2;33;16;63;132001.19;79560.25
13009;Pengeluaran;2012;2;33;16;64;1371101.34;834834.94
13010;Pengeluaran;2012;2;33;16;65;4171301.44;2878726.19
13011;Pengeluaran;2012;2;33;16;66;2182762.69;1399772.86
13012;Pengeluaran;2012;2;33;16;67;252951.09;231572.68
13013;Pengeluaran;2012;2;33;16;68;6129759.58;4048120.25
13014;Pengeluaran;2012;2;33;16;69;6264272.29;4158601.85
13015;Pengeluaran;2012;3;34;1;56;71426892.78;44633349.47
13016;Pengeluaran;2012;3;34;1;57;5161024.74;2913782.51
13017;Pengeluaran;2012;3;34;1;58;10519557.74;6588056.52
13018;Pengeluaran;2012;3;34;1;59;12293083.08;7281689.74
13019;Pengeluaran;2012;3;34;1;60;22756265.85;15139209.24
13020;Pengeluaran;2012;3;34;1;61;4473600.73;2664802.75
13021;Pengeluaran;2012;3;34;1;62;5192591.87;3033424.64
13022;Pengeluaran;2012;3;34;1;63;3492584.25;2081079.18
13023;Pengeluaran;2012;3;34;1;64;24161708.41;14472694.73
13024;Pengeluaran;2012;3;34;1;65;62398700.24;38791487.62
13025;Pengeluaran;2012;3;34;1;66;14205765.88;9337991.28
13026;Pengeluaran;2012;3;34;1;67;726483.79;428047.74
13027;Pengeluaran;2012;3;34;1;68;97789772.5;63782860.7
13028;Pengeluaran;2012;3;34;1;69;95179228.62;59144399.07
13029;Pengeluaran;2012;3;34;2;56;1878860.27;1133566.84
13030;Pengeluaran;2012;3;34;2;57;132184.72;70560.91
13031;Pengeluaran;2012;3;34;2;58;288198.88;162061.24
13032;Pengeluaran;2012;3;34;2;59;298344;166276.18
13033;Pengeluaran;2012;3;34;2;60;500487.65;318469.94
13034;Pengeluaran;2012;3;34;2;61;73555.66;40473.56
13035;Pengeluaran;2012;3;34;2;62;147732.66;76467.11
13036;Pengeluaran;2012;3;34;2;63;76205.41;42920.39
13037;Pengeluaran;2012;3;34;2;64;1003891.51;679907.47
13038;Pengeluaran;2012;3;34;2;65;2609031.16;1508434.83
13039;Pengeluaran;2012;3;34;2;66;160116.25;106178.69
13040;Pengeluaran;2012;3;34;2;67;24738.32;19590.38
13041;Pengeluaran;2012;3;34;2;68;1872311.87;937661.93
13042;Pengeluaran;2012;3;34;2;69;2621433.57;1576901.07
13043;Pengeluaran;2012;3;34;3;56;4861903.01;2966414.68
13044;Pengeluaran;2012;3;34;3;57;342882.97;184357.63
13045;Pengeluaran;2012;3;34;3;58;922229.61;498936.14
13046;Pengeluaran;2012;3;34;3;59;822497.9;448536.61
13047;Pengeluaran;2012;3;34;3;60;1394506.26;935636.98
13048;Pengeluaran;2012;3;34;3;61;186733.36;107736.52
13049;Pengeluaran;2012;3;34;3;62;402547.39;235179.07
13050;Pengeluaran;2012;3;34;3;63;167767.41;100207.54
13051;Pengeluaran;2012;3;34;3;64;1792627.37;1060615.41
13052;Pengeluaran;2012;3;34;3;65;3264387.03;1903783.82
13053;Pengeluaran;2012;3;34;3;66;495785.93;307987.84
13054;Pengeluaran;2012;3;34;3;67;17413.56;9090.95
13055;Pengeluaran;2012;3;34;3;68;4732722.79;2835321.99
13056;Pengeluaran;2012;3;34;3;69;5189410.65;3026350.03
13057;Pengeluaran;2012;3;34;4;56;2347650.26;1475204.38
13058;Pengeluaran;2012;3;34;4;57;191006.04;108483.66
13059;Pengeluaran;2012;3;34;4;58;479522.06;314514.93
13060;Pengeluaran;2012;3;34;4;59;532686.02;315428.23
13061;Pengeluaran;2012;3;34;4;60;863057.5;528793.74
13062;Pengeluaran;2012;3;34;4;61;101291.92;59022.52
13063;Pengeluaran;2012;3;34;4;62;202236.89;118804.12
13064;Pengeluaran;2012;3;34;4;63;176397.54;99156.8
13065;Pengeluaran;2012;3;34;4;64;1143435.12;643570.78
13066;Pengeluaran;2012;3;34;4;65;3895170.69;2413253.55
13067;Pengeluaran;2012;3;34;4;66;569416.86;365896.7
13068;Pengeluaran;2012;3;34;4;67;23118.59;13770.21
13069;Pengeluaran;2012;3;34;4;68;2271039.41;1425232.1
13070;Pengeluaran;2012;3;34;4;69;4014984.37;2259608.23
13071;Pengeluaran;2012;3;34;5;56;3803675.99;2222532.11
13072;Pengeluaran;2012;3;34;5;57;236627.97;136593.37
13073;Pengeluaran;2012;3;34;5;58;456310.19;305930.72
13074;Pengeluaran;2012;3;34;5;59;502712.85;316029.04
13075;Pengeluaran;2012;3;34;5;60;1178694.54;797987.09
13076;Pengeluaran;2012;3;34;5;61;143143.79;77981.52
13077;Pengeluaran;2012;3;34;5;62;308474.54;168922.69
13078;Pengeluaran;2012;3;34;5;63;254419.5;146127.69
13079;Pengeluaran;2012;3;34;5;64;1309252.27;825569.67
13080;Pengeluaran;2012;3;34;5;65;3231650.15;2006896.81
13081;Pengeluaran;2012;3;34;5;66;721173.79;453520.85
13082;Pengeluaran;2012;3;34;5;67;15866.13;10075.65
13083;Pengeluaran;2012;3;34;5;68;2516323.46;1914795.08
13084;Pengeluaran;2012;3;34;5;69;4588463.86;2697339.24
13085;Pengeluaran;2012;3;34;6;56;3557718.1;2277044.7
13086;Pengeluaran;2012;3;34;6;57;285492.14;171432.49
13087;Pengeluaran;2012;3;34;6;58;486614.3;305100.38
13088;Pengeluaran;2012;3;34;6;59;528161.81;339103.81
13089;Pengeluaran;2012;3;34;6;60;1025900.35;668972.89
13090;Pengeluaran;2012;3;34;6;61;181554.61;108744.52
13091;Pengeluaran;2012;3;34;6;62;146553.25;91010.08
13092;Pengeluaran;2012;3;34;6;63;188643.6;108742.17
13093;Pengeluaran;2012;3;34;6;64;1319440.57;737111.13
13094;Pengeluaran;2012;3;34;6;65;1818055.93;1154607.96
13095;Pengeluaran;2012;3;34;6;66;374038.89;254023.22
13096;Pengeluaran;2012;3;34;6;67;89974.9;28052.59
13097;Pengeluaran;2012;3;34;6;68;3021992.07;1921064.9
13098;Pengeluaran;2012;3;34;6;69;2866793.58;1548757.08
13099;Pengeluaran;2012;3;34;7;56;6891050.8;4443296.06
13100;Pengeluaran;2012;3;34;7;57;494455.33;277925.12
13101;Pengeluaran;2012;3;34;7;58;1125587.51;800736.05
13102;Pengeluaran;2012;3;34;7;59;1623292.54;959092.36
13103;Pengeluaran;2012;3;34;7;60;2152534.83;1416047.07
13104;Pengeluaran;2012;3;34;7;61;231283.7;142885.48
13105;Pengeluaran;2012;3;34;7;62;325493.06;204958.93
13106;Pengeluaran;2012;3;34;7;63;425540.77;246315.94
13107;Pengeluaran;2012;3;34;7;64;2508298.77;1512811.46
13108;Pengeluaran;2012;3;34;7;65;5257379.11;3447122.45
13109;Pengeluaran;2012;3;34;7;66;1251851.05;845831.06
13110;Pengeluaran;2012;3;34;7;67;14314.49;7153.95
13111;Pengeluaran;2012;3;34;7;68;6268971.4;4378074.89
13112;Pengeluaran;2012;3;34;7;69;7631056.81;4899135.96
13113;Pengeluaran;2012;3;34;8;56;3501673.31;2272601.32
13114;Pengeluaran;2012;3;34;8;57;207911.63;115680.92
13115;Pengeluaran;2012;3;34;8;58;456755.85;281650.84
13116;Pengeluaran;2012;3;34;8;59;498739.54;302765
13117;Pengeluaran;2012;3;34;8;60;1134917.35;791142.71
13118;Pengeluaran;2012;3;34;8;61;129040.96;75565.55
13119;Pengeluaran;2012;3;34;8;62;278359.1;156872.93
13120;Pengeluaran;2012;3;34;8;63;158864.67;93367.18
13121;Pengeluaran;2012;3;34;8;64;1176771.93;694537.64
13122;Pengeluaran;2012;3;34;8;65;3638757.09;2295408.63
13123;Pengeluaran;2012;3;34;8;66;659273.55;428341.72
13124;Pengeluaran;2012;3;34;8;67;33214.54;22555.73
13125;Pengeluaran;2012;3;34;8;68;3329431.35;2211842.36
13126;Pengeluaran;2012;3;34;8;69;4243086.09;2652048.9
13127;Pengeluaran;2012;3;34;9;56;6030171.94;3702572.46
13128;Pengeluaran;2012;3;34;9;57;576711.95;317885.31
13129;Pengeluaran;2012;3;34;9;58;1073950.79;661970.7
13130;Pengeluaran;2012;3;34;9;59;988284.1;589542.38
13131;Pengeluaran;2012;3;34;9;60;1524976.01;969715.45
13132;Pengeluaran;2012;3;34;9;61;335066.14;195806.69
13133;Pengeluaran;2012;3;34;9;62;602120.34;319719.02
13134;Pengeluaran;2012;3;34;9;63;317130.88;198674.18
13135;Pengeluaran;2012;3;34;9;64;1650263.64;1064986.41
13136;Pengeluaran;2012;3;34;9;65;3604188.78;2148442.79
13137;Pengeluaran;2012;3;34;9;66;1462656.35;960160.41
13138;Pengeluaran;2012;3;34;9;67;-48760.77;-25197.07
13139;Pengeluaran;2012;3;34;9;68;17394079.54;10486442.72
13140;Pengeluaran;2012;3;34;9;69;12792865.18;7864438.8
13141;Pengeluaran;2012;3;34;10;56;6305503.63;3831563.54
13142;Pengeluaran;2012;3;34;10;57;303792.85;169308.86
13143;Pengeluaran;2012;3;34;10;58;492869.3;316969.1
13144;Pengeluaran;2012;3;34;10;59;626636.61;383129.18
13145;Pengeluaran;2012;3;34;10;60;1691120.84;1233949.72
13146;Pengeluaran;2012;3;34;10;61;599164.43;370596.9
13147;Pengeluaran;2012;3;34;10;62;577827.56;334993.2
13148;Pengeluaran;2012;3;34;10;63;298062.04;181182.37
13149;Pengeluaran;2012;3;34;10;64;1340272.99;846780.54
13150;Pengeluaran;2012;3;34;10;65;3399469.45;2261246.82
13151;Pengeluaran;2012;3;34;10;66;368276.81;240512.07
13152;Pengeluaran;2012;3;34;10;67;76937.55;49646.29
13153;Pengeluaran;2012;3;34;10;68;19657457.97;13548651.15
13154;Pengeluaran;2012;3;34;10;69;9747214;6563364.34
13155;Pengeluaran;2012;3;34;11;56;2333394.09;1511972.05
13156;Pengeluaran;2012;3;34;11;57;154588.1;80100.28
13157;Pengeluaran;2012;3;34;11;58;397145.08;224755.36
13158;Pengeluaran;2012;3;34;11;59;437387.13;233504.94
13159;Pengeluaran;2012;3;34;11;60;786199.75;472206.19
13160;Pengeluaran;2012;3;34;11;61;113603.92;69224.08
13161;Pengeluaran;2012;3;34;11;62;185637.2;117982.34
13162;Pengeluaran;2012;3;34;11;63;51918.64;33950.77
13163;Pengeluaran;2012;3;34;11;64;1055350.64;669394.82
13164;Pengeluaran;2012;3;34;11;65;2970209;2010659.87
13165;Pengeluaran;2012;3;34;11;66;381743.75;257817.08
13166;Pengeluaran;2012;3;34;11;67;10287.54;4973.73
13167;Pengeluaran;2012;3;34;11;68;1744023.9;1054551.38
13168;Pengeluaran;2012;3;34;11;69;3350267.89;1943663.21
13169;Pengeluaran;2012;3;34;12;56;11531017.7;6635170.18
13170;Pengeluaran;2012;3;34;12;57;618421.2;407290.88
13171;Pengeluaran;2012;3;34;12;58;982000.61;680001.89
13172;Pengeluaran;2012;3;34;12;59;1709930.33;1069519.33
13173;Pengeluaran;2012;3;34;12;60;3532358.2;2317274.2
13174;Pengeluaran;2012;3;34;12;61;850608.59;490433.79
13175;Pengeluaran;2012;3;34;12;62;807126.21;457038.15
13176;Pengeluaran;2012;3;34;12;63;439057.61;266487.64
13177;Pengeluaran;2012;3;34;12;64;3854310.96;2078596.68
13178;Pengeluaran;2012;3;34;12;65;9439541.58;5693660.28
13179;Pengeluaran;2012;3;34;12;66;2431226.46;1662658.29
13180;Pengeluaran;2012;3;34;12;67;88877.12;58020.18
13181;Pengeluaran;2012;3;34;12;68;10505626.96;6823254.62
13182;Pengeluaran;2012;3;34;12;69;10755264.37;6531367.64
13183;Pengeluaran;2012;3;34;13;56;2918463.15;1948737.3
13184;Pengeluaran;2012;3;34;13;57;202167.81;115829.43
13185;Pengeluaran;2012;3;34;13;58;587656.05;369419.85
13186;Pengeluaran;2012;3;34;13;59;470093.72;293428.58
13187;Pengeluaran;2012;3;34;13;60;1217808.93;810487.91
13188;Pengeluaran;2012;3;34;13;61;242597.63;147271.13
13189;Pengeluaran;2012;3;34;13;62;194459.25;126001.74
13190;Pengeluaran;2012;3;34;13;63;154418.5;93727.58
13191;Pengeluaran;2012;3;34;13;64;1101009.07;678940.55
13192;Pengeluaran;2012;3;34;13;65;4047333.25;2470468.54
13193;Pengeluaran;2012;3;34;13;66;345921.12;212386.77
13194;Pengeluaran;2012;3;34;13;67;17645.61;9825.8
13195;Pengeluaran;2012;3;34;13;68;3187318.19;2155014.66
13196;Pengeluaran;2012;3;34;13;69;3748620.14;2438006.49
13197;Pengeluaran;2012;3;34;14;56;5556307.79;3647783.31
13198;Pengeluaran;2012;3;34;14;57;661236.8;364537.74
13199;Pengeluaran;2012;3;34;14;58;1203377.06;731011.06
13200;Pengeluaran;2012;3;34;14;59;1318741.31;751608.62
13201;Pengeluaran;2012;3;34;14;60;2643982.13;1694243.43
13202;Pengeluaran;2012;3;34;14;61;627930.11;387028.84
13203;Pengeluaran;2012;3;34;14;62;459328.29;290339.52
13204;Pengeluaran;2012;3;34;14;63;286786.68;169573.01
13205;Pengeluaran;2012;3;34;14;64;1531914.68;1026030.2
13206;Pengeluaran;2012;3;34;14;65;4412360.75;2707164.4
13207;Pengeluaran;2012;3;34;14;66;1654429.7;1134740.85
13208;Pengeluaran;2012;3;34;14;67;-22671.88;-12716.32
13209;Pengeluaran;2012;3;34;14;68;7393975.59;5443734.97
13210;Pengeluaran;2012;3;34;14;69;7888885.5;5476629.95
13211;Pengeluaran;2012;3;34;15;56;4588978.46;2987294.25
13212;Pengeluaran;2012;3;34;15;57;232469.04;134940.89
13213;Pengeluaran;2012;3;34;15;58;538375.65;340761.48
13214;Pengeluaran;2012;3;34;15;59;731243.37;451579.37
13215;Pengeluaran;2012;3;34;15;60;1239127.09;825269.42
13216;Pengeluaran;2012;3;34;15;61;302155.2;180952.46
13217;Pengeluaran;2012;3;34;15;62;249945.21;156039.19
13218;Pengeluaran;2012;3;34;15;63;265363.2;167101.25
13219;Pengeluaran;2012;3;34;15;64;1435018.93;818654.63
13220;Pengeluaran;2012;3;34;15;65;4686444.47;2740696.39
13221;Pengeluaran;2012;3;34;15;66;793779.92;509272.78
13222;Pengeluaran;2012;3;34;15;67;-25182.8;-14462.05
13223;Pengeluaran;2012;3;34;15;68;4139045.07;2284148.91
13224;Pengeluaran;2012;3;34;15;69;5283038.32;3131554.48
13225;Pengeluaran;2012;3;34;16;56;5896547.61;3937542.66
13226;Pengeluaran;2012;3;34;16;57;547010.99;273497.15
13227;Pengeluaran;2012;3;34;16;58;1050046.08;607439.3
13228;Pengeluaran;2012;3;34;16;59;1192051.05;654871.7
13229;Pengeluaran;2012;3;34;16;60;1779932.01;1298696.93
13230;Pengeluaran;2012;3;34;16;61;324773.19;192555.24
13231;Pengeluaran;2012;3;34;16;62;253339.12;149062.65
13232;Pengeluaran;2012;3;34;16;63;187186.88;106837.83
13233;Pengeluaran;2012;3;34;16;64;1559350.62;907270.89
13234;Pengeluaran;2012;3;34;16;65;4781501.25;3194598.68
13235;Pengeluaran;2012;3;34;16;66;2189593.36;1370907.07
13236;Pengeluaran;2012;3;34;16;67;390923.4;236008.84
13237;Pengeluaran;2012;3;34;16;68;6539928.5;4265760.28
13238;Pengeluaran;2012;3;34;16;69;7061864.1;4424970.62
13239;Pengeluaran;2012;4;35;1;56;72537846.02;44287056.18
13240;Pengeluaran;2012;4;35;1;57;5037329.65;2752259.63
13241;Pengeluaran;2012;4;35;1;58;11571254.89;7142590.56
13242;Pengeluaran;2012;4;35;1;59;13901337.97;7972000.42
13243;Pengeluaran;2012;4;35;1;60;21539479.14;14354013.56
13244;Pengeluaran;2012;4;35;1;61;4370902.8;2516282.78
13245;Pengeluaran;2012;4;35;1;62;5505105.96;2995064.29
13246;Pengeluaran;2012;4;35;1;63;3424350.66;1974123.87
13247;Pengeluaran;2012;4;35;1;64;23911124.13;14141938.09
13248;Pengeluaran;2012;4;35;1;65;66060337.13;40055143.14
13249;Pengeluaran;2012;4;35;1;66;14451608.35;9280555.32
13250;Pengeluaran;2012;4;35;1;67;831349.61;470903.96
13251;Pengeluaran;2012;4;35;1;68;102226346.1;62691757.8
13252;Pengeluaran;2012;4;35;1;69;107179702.4;60144412.14
13253;Pengeluaran;2012;4;35;2;56;1869030.61;1117856.57
13254;Pengeluaran;2012;4;35;2;57;132018.47;67841.13
13255;Pengeluaran;2012;4;35;2;58;307865.79;168854.63
13256;Pengeluaran;2012;4;35;2;59;329081.31;175615.88
13257;Pengeluaran;2012;4;35;2;60;450030.59;287520.21
13258;Pengeluaran;2012;4;35;2;61;70235.08;36896.56
13259;Pengeluaran;2012;4;35;2;62;149912.79;75574.9
13260;Pengeluaran;2012;4;35;2;63;77449.82;42651.37
13261;Pengeluaran;2012;4;35;2;64;944725.59;632624.61
13262;Pengeluaran;2012;4;35;2;65;2747594.79;1539290.42
13263;Pengeluaran;2012;4;35;2;66;161281.6;104691.7
13264;Pengeluaran;2012;4;35;2;67;31800.71;24492.4
13265;Pengeluaran;2012;4;35;2;68;1886101.48;937436.78
13266;Pengeluaran;2012;4;35;2;69;2764387.26;1591152.08
13267;Pengeluaran;2012;4;35;3;56;4804634.9;2914568.93
13268;Pengeluaran;2012;4;35;3;57;347963.8;179399.75
13269;Pengeluaran;2012;4;35;3;58;996505.39;525509.44
13270;Pengeluaran;2012;4;35;3;59;918496.89;485309.74
13271;Pengeluaran;2012;4;35;3;60;1386773.16;910618.68
13272;Pengeluaran;2012;4;35;3;61;189122.96;106534.34
13273;Pengeluaran;2012;4;35;3;62;442171.83;232012.6
13274;Pengeluaran;2012;4;35;3;63;177205.56;99361.67
13275;Pengeluaran;2012;4;35;3;64;1745438.36;1018796.95
13276;Pengeluaran;2012;4;35;3;65;3507801.05;1999809.98
13277;Pengeluaran;2012;4;35;3;66;500649.24;302332.62
13278;Pengeluaran;2012;4;35;3;67;22828.13;11324.91
13279;Pengeluaran;2012;4;35;3;68;4745856.1;2795981.31
13280;Pengeluaran;2012;4;35;3;69;5219960.92;2977359.97
13281;Pengeluaran;2012;4;35;4;56;2389955.99;1451346.27
13282;Pengeluaran;2012;4;35;4;57;185875.1;101687.43
13283;Pengeluaran;2012;4;35;4;58;525267.63;335945.51
13284;Pengeluaran;2012;4;35;4;59;620767.82;349151.49
13285;Pengeluaran;2012;4;35;4;60;856537.77;530319.61
13286;Pengeluaran;2012;4;35;4;61;104237.37;59880.93
13287;Pengeluaran;2012;4;35;4;62;211510.85;118175.68
13288;Pengeluaran;2012;4;35;4;63;181101.99;99538.72
13289;Pengeluaran;2012;4;35;4;64;1138300.82;630220.05
13290;Pengeluaran;2012;4;35;4;65;4105757.3;2445405.66
13291;Pengeluaran;2012;4;35;4;66;578812.24;359299.16
13292;Pengeluaran;2012;4;35;4;67;26356.06;15054.47
13293;Pengeluaran;2012;4;35;4;68;1834518.77;1176850.15
13294;Pengeluaran;2012;4;35;4;69;3788522.93;2022339.98
13295;Pengeluaran;2012;4;35;5;56;3932480.71;2236456.3
13296;Pengeluaran;2012;4;35;5;57;233065.68;130317.63
13297;Pengeluaran;2012;4;35;5;58;492682.76;324408.37
13298;Pengeluaran;2012;4;35;5;59;566796.41;341142.37
13299;Pengeluaran;2012;4;35;5;60;1110546.86;754807.91
13300;Pengeluaran;2012;4;35;5;61;140362.41;73937.56
13301;Pengeluaran;2012;4;35;5;62;322569.28;165688.19
13302;Pengeluaran;2012;4;35;5;63;255777.65;136322.77
13303;Pengeluaran;2012;4;35;5;64;1284505.04;798551.66
13304;Pengeluaran;2012;4;35;5;65;3220002.56;1956382.94
13305;Pengeluaran;2012;4;35;5;66;732837.25;449870.31
13306;Pengeluaran;2012;4;35;5;67;17586.36;10692.29
13307;Pengeluaran;2012;4;35;5;68;2706844.14;1906087.12
13308;Pengeluaran;2012;4;35;5;69;4727498.49;2588246.66
13309;Pengeluaran;2012;4;35;6;56;3637611.05;2268858.44
13310;Pengeluaran;2012;4;35;6;57;278456.38;164076.51
13311;Pengeluaran;2012;4;35;6;58;534784.35;329371.1
13312;Pengeluaran;2012;4;35;6;59;595990.07;370961.05
13313;Pengeluaran;2012;4;35;6;60;955784.07;625922.9
13314;Pengeluaran;2012;4;35;6;61;176729.43;103378.5
13315;Pengeluaran;2012;4;35;6;62;160322.33;90813.51
13316;Pengeluaran;2012;4;35;6;63;179530;101432.47
13317;Pengeluaran;2012;4;35;6;64;1300893.24;716398.46
13318;Pengeluaran;2012;4;35;6;65;1803399.02;1141445.55
13319;Pengeluaran;2012;4;35;6;66;385517.66;256434.25
13320;Pengeluaran;2012;4;35;6;67;124383.64;34608.48
13321;Pengeluaran;2012;4;35;6;68;3234575.24;1912195.67
13322;Pengeluaran;2012;4;35;6;69;3147665.29;1540131.93
13323;Pengeluaran;2012;4;35;7;56;7096017.92;4438329.22
13324;Pengeluaran;2012;4;35;7;57;491902.72;265103.95
13325;Pengeluaran;2012;4;35;7;58;1275025.02;900869.94
13326;Pengeluaran;2012;4;35;7;59;1905584.6;1072052.75
13327;Pengeluaran;2012;4;35;7;60;2058307.61;1357595.83
13328;Pengeluaran;2012;4;35;7;61;232310.32;137014.99
13329;Pengeluaran;2012;4;35;7;62;356458.34;209935.08
13330;Pengeluaran;2012;4;35;7;63;421134.39;237165.8
13331;Pengeluaran;2012;4;35;7;64;2535182.96;1507374.15
13332;Pengeluaran;2012;4;35;7;65;5531164.82;3487930.97
13333;Pengeluaran;2012;4;35;7;66;1285047.38;846171.68
13334;Pengeluaran;2012;4;35;7;67;23968.27;10776.03
13335;Pengeluaran;2012;4;35;7;68;9001514.77;5004203.73
13336;Pengeluaran;2012;4;35;7;69;10681741.81;5448768.32
13337;Pengeluaran;2012;4;35;8;56;3520272.18;2258511.19
13338;Pengeluaran;2012;4;35;8;57;196479.74;106119.76
13339;Pengeluaran;2012;4;35;8;58;488185.48;295000.16
13340;Pengeluaran;2012;4;35;8;59;565446.83;329556.83
13341;Pengeluaran;2012;4;35;8;60;1081464.6;749991.03
13342;Pengeluaran;2012;4;35;8;61;123376.15;71120.03
13343;Pengeluaran;2012;4;35;8;62;283225.53;147956.87
13344;Pengeluaran;2012;4;35;8;63;141647.72;81284.57
13345;Pengeluaran;2012;4;35;8;64;1147742.16;671763.47
13346;Pengeluaran;2012;4;35;8;65;4176796.69;2539993.37
13347;Pengeluaran;2012;4;35;8;66;667813.42;424303.13
13348;Pengeluaran;2012;4;35;8;67;13983.07;8749.32
13349;Pengeluaran;2012;4;35;8;68;3076500.98;2046639.19
13350;Pengeluaran;2012;4;35;8;69;4157880.64;2530756.97
13351;Pengeluaran;2012;4;35;9;56;6151529.8;3636241.47
13352;Pengeluaran;2012;4;35;9;57;549269.78;295246.69
13353;Pengeluaran;2012;4;35;9;58;1167248.62;712218.02
13354;Pengeluaran;2012;4;35;9;59;1118910.08;634532.62
13355;Pengeluaran;2012;4;35;9;60;1427500.16;907491.28
13356;Pengeluaran;2012;4;35;9;61;318359.77;177896.14
13357;Pengeluaran;2012;4;35;9;62;624129.59;312428.9
13358;Pengeluaran;2012;4;35;9;63;318604.76;195362.23
13359;Pengeluaran;2012;4;35;9;64;1693693.41;1072466.56
13360;Pengeluaran;2012;4;35;9;65;4187450.26;2447334.15
13361;Pengeluaran;2012;4;35;9;66;1454948.65;932811.14
13362;Pengeluaran;2012;4;35;9;67;-56565.53;-28478.51
13363;Pengeluaran;2012;4;35;9;68;17177835.2;9209742.89
13364;Pengeluaran;2012;4;35;9;69;17511876.81;8271634.71
13365;Pengeluaran;2012;4;35;10;56;6281602.42;3736113.11
13366;Pengeluaran;2012;4;35;10;57;299516.9;159345.48
13367;Pengeluaran;2012;4;35;10;58;555376.16;351739.37
13368;Pengeluaran;2012;4;35;10;59;718065.99;421335.62
13369;Pengeluaran;2012;4;35;10;60;1622181.7;1189255.62
13370;Pengeluaran;2012;4;35;10;61;592605;350886.96
13371;Pengeluaran;2012;4;35;10;62;616713.24;330351.9
13372;Pengeluaran;2012;4;35;10;63;297219.2;175493.64
13373;Pengeluaran;2012;4;35;10;64;1322699.96;823813.7
13374;Pengeluaran;2012;4;35;10;65;3637188.16;2344728.69
13375;Pengeluaran;2012;4;35;10;66;372000.13;236411.05
13376;Pengeluaran;2012;4;35;10;67;116699.07;68391.77
13377;Pengeluaran;2012;4;35;10;68;20304365.98;13542919.46
13378;Pengeluaran;2012;4;35;10;69;11073687.33;6815555.36
13379;Pengeluaran;2012;4;35;11;56;2424810.98;1538850.79
13380;Pengeluaran;2012;4;35;11;57;143127.64;74569.69
13381;Pengeluaran;2012;4;35;11;58;445355.9;248694.99
13382;Pengeluaran;2012;4;35;11;59;507479.8;257594.7
13383;Pengeluaran;2012;4;35;11;60;722174.53;433816.24
13384;Pengeluaran;2012;4;35;11;61;107288.81;64210.62
13385;Pengeluaran;2012;4;35;11;62;200122.37;116584.96
13386;Pengeluaran;2012;4;35;11;63;51567.65;32423.1
13387;Pengeluaran;2012;4;35;11;64;1042004.61;653065.51
13388;Pengeluaran;2012;4;35;11;65;3152941.48;2069222.74
13389;Pengeluaran;2012;4;35;11;66;385802.72;254233.32
13390;Pengeluaran;2012;4;35;11;67;14868.17;5043.25
13391;Pengeluaran;2012;4;35;11;68;1751448.99;1053728.72
13392;Pengeluaran;2012;4;35;11;69;3516697.89;1962922.69
13393;Pengeluaran;2012;4;35;12;56;11791404.81;6608203.39
13394;Pengeluaran;2012;4;35;12;57;604171.47;381515.94
13395;Pengeluaran;2012;4;35;12;58;1110494.49;753584.61
13396;Pengeluaran;2012;4;35;12;59;1911386.71;1186648.09
13397;Pengeluaran;2012;4;35;12;60;3328417.87;2195071.74
13398;Pengeluaran;2012;4;35;12;61;840865.45;465685.22
13399;Pengeluaran;2012;4;35;12;62;863580.68;450866.89
13400;Pengeluaran;2012;4;35;12;63;413748.95;245183.6
13401;Pengeluaran;2012;4;35;12;64;3798286.19;2025636.08
13402;Pengeluaran;2012;4;35;12;65;9951573.45;5824677.55
13403;Pengeluaran;2012;4;35;12;66;2472729.41;1649827.87
13404;Pengeluaran;2012;4;35;12;67;135382.67;81045.94
13405;Pengeluaran;2012;4;35;12;68;10625530.04;6861946.01
13406;Pengeluaran;2012;4;35;12;69;11286931.78;6676152.71
13407;Pengeluaran;2012;4;35;13;56;2980491.62;1943511.13
13408;Pengeluaran;2012;4;35;13;57;201557.44;110280.38
13409;Pengeluaran;2012;4;35;13;58;666906.61;410697.29
13410;Pengeluaran;2012;4;35;13;59;538334.54;325356.03
13411;Pengeluaran;2012;4;35;13;60;1160206.58;777374.92
13412;Pengeluaran;2012;4;35;13;61;243182.36;140812.8
13413;Pengeluaran;2012;4;35;13;62;211701.25;125860.92
13414;Pengeluaran;2012;4;35;13;63;154448.43;90489.02
13415;Pengeluaran;2012;4;35;13;64;1086917.89;666397.17
13416;Pengeluaran;2012;4;35;13;65;4218402.23;2572004.8
13417;Pengeluaran;2012;4;35;13;66;347953.81;208485.21
13418;Pengeluaran;2012;4;35;13;67;29361.61;14868.85
13419;Pengeluaran;2012;4;35;13;68;3399289.14;2240666.69
13420;Pengeluaran;2012;4;35;13;69;3856631.49;2480150.86
13421;Pengeluaran;2012;4;35;14;56;5580392.96;3582487.99
13422;Pengeluaran;2012;4;35;14;57;643391.26;345344.17
13423;Pengeluaran;2012;4;35;14;58;1275075.38;771302.76
13424;Pengeluaran;2012;4;35;14;59;1423588.25;792233.07
13425;Pengeluaran;2012;4;35;14;60;2491383.75;1601263.35
13426;Pengeluaran;2012;4;35;14;61;605290;360695.4
13427;Pengeluaran;2012;4;35;14;62;475779.34;287900.66
13428;Pengeluaran;2012;4;35;14;63;270698.63;158178.05
13429;Pengeluaran;2012;4;35;14;64;1503183.86;997609.16
13430;Pengeluaran;2012;4;35;14;65;4455621.47;2691814.78
13431;Pengeluaran;2012;4;35;14;66;1727473.29;1159073.8
13432;Pengeluaran;2012;4;35;14;67;-35110.06;-19515.95
13433;Pengeluaran;2012;4;35;14;68;8052640.72;5401012.37
13434;Pengeluaran;2012;4;35;14;69;8696355.23;5421085.97
13435;Pengeluaran;2012;4;35;15;56;4573425.78;2956226.39
13436;Pengeluaran;2012;4;35;15;57;225951.95;125694.62
13437;Pengeluaran;2012;4;35;15;58;610161.83;375661.04
13438;Pengeluaran;2012;4;35;15;59;835153.06;500214.47
13439;Pengeluaran;2012;4;35;15;60;1174927.25;782272.88
13440;Pengeluaran;2012;4;35;15;61;289102.1;171443.88
13441;Pengeluaran;2012;4;35;15;62;258689.79;152731.16
13442;Pengeluaran;2012;4;35;15;63;260136.47;152787.55
13443;Pengeluaran;2012;4;35;15;64;1414049.5;797515.72
13444;Pengeluaran;2012;4;35;15;65;4934681.07;2848450.3
13445;Pengeluaran;2012;4;35;15;66;811039.32;504543.56
13446;Pengeluaran;2012;4;35;15;67;-26130.78;-15116.21
13447;Pengeluaran;2012;4;35;15;68;4242668.66;2275358.33
13448;Pengeluaran;2012;4;35;15;69;5530423.25;3226728.51
13449;Pengeluaran;2012;4;35;16;56;6089166.92;3956648.67
13450;Pengeluaran;2012;4;35;16;57;529894.54;259546.96
13451;Pengeluaran;2012;4;35;16;58;1143508.37;653047.14
13452;Pengeluaran;2012;4;35;16;59;1332368.16;722331.68
13453;Pengeluaran;2012;4;35;16;60;1627427.99;1193504.06
13454;Pengeluaran;2012;4;35;16;61;307451.96;178397.32
13455;Pengeluaran;2012;4;35;16;62;273712.76;148527.97
13456;Pengeluaran;2012;4;35;16;63;180134.17;101115.05
13457;Pengeluaran;2012;4;35;16;64;1576947.41;906997.16
13458;Pengeluaran;2012;4;35;16;65;5007920.3;3284407.46
13459;Pengeluaran;2012;4;35;16;66;2215223.98;1365711.52
13460;Pengeluaran;2012;4;35;16;67;369294.46;236140.75
13461;Pengeluaran;2012;4;35;16;68;6825247.99;4265558.28
13462;Pengeluaran;2012;4;35;16;69;7395286.04;4445482.08
